ref_doi,ref_title,ref_year,source,status,reason
10.13140/2.1.1494.7525,,,crossref,fetch_error,both sources failed (404/error on Crossref and OpenAlex)
10.5281/zenodo.13904792,,,crossref,fetch_error,both sources failed (404/error on Crossref and OpenAlex)
,Privacy by design: The 7 foundational principles. Information and privacy commissioner of Ontario,2009,crossref,pending,not yet processed
,,2025,crossref,pending,not yet processed
,,2012,crossref,pending,not yet processed
,,2008,crossref,pending,not yet processed
,Differentially Private Empirical Risk Minimization,2011,crossref,pending,not yet processed
,,,crossref,pending,not yet processed
,,2025,crossref,pending,not yet processed
,,,crossref,pending,not yet processed
,,2011,crossref,pending,not yet processed
,,2016,crossref,pending,not yet processed
,Finding a needle in a haystack or identifying anonymous census records,1986,crossref,pending,not yet processed
,,,crossref,pending,not yet processed
,,2014,crossref,pending,not yet processed
,,2017,crossref,pending,not yet processed
,,2003,crossref,pending,not yet processed
,,,crossref,pending,not yet processed
,,2022,crossref,pending,not yet processed
,,2012,crossref,pending,not yet processed
,,2008,crossref,pending,not yet processed
,,2006,crossref,pending,not yet processed
,,2009,crossref,pending,not yet processed
,,2006,crossref,pending,not yet processed
,,2010,crossref,pending,not yet processed
,,2010,crossref,pending,not yet processed
,,,crossref,pending,not yet processed
,,2010,crossref,pending,not yet processed
,,2014,crossref,pending,not yet processed
,,2014,crossref,pending,not yet processed
,,,crossref,pending,not yet processed
,,,crossref,pending,not yet processed
,,2003,crossref,pending,not yet processed
,,2003,crossref,pending,not yet processed
,,2020,crossref,pending,not yet processed
,,,crossref,pending,not yet processed
,,2015,crossref,pending,not yet processed
,,2010,crossref,pending,not yet processed
,,2016,crossref,pending,not yet processed
,,,crossref,pending,not yet processed
,,2024,crossref,pending,not yet processed
,,2008,crossref,pending,not yet processed
,,2024,crossref,pending,not yet processed
,,2022,crossref,pending,not yet processed
,,2009,crossref,pending,not yet processed
,,,crossref,pending,not yet processed
,,2021,crossref,pending,not yet processed
,,2009,crossref,pending,not yet processed
,,,crossref,pending,not yet processed
,,1985,crossref,pending,not yet processed
,,2025,crossref,pending,not yet processed
,,2017,crossref,pending,not yet processed
,,2010,crossref,pending,not yet processed
,,,crossref,pending,not yet processed
,,2019,crossref,pending,not yet processed
,,2011,crossref,pending,not yet processed
,,2010,crossref,pending,not yet processed
,,2021,crossref,pending,not yet processed
,,2014,crossref,pending,not yet processed
,,2025,crossref,pending,not yet processed
,,2011,crossref,pending,not yet processed
,Ridge Regression,2000,crossref,pending,not yet processed
,,,crossref,pending,not yet processed
,,,crossref,pending,not yet processed
,,2019,crossref,pending,not yet processed
,,2009,crossref,pending,not yet processed
,A Practical Differentially Private Random Decision Tree Classifier,2012,crossref,pending,not yet processed
,,2020,crossref,pending,not yet processed
,,2021,crossref,pending,not yet processed
,,2013,crossref,pending,not yet processed
,,2019,crossref,pending,not yet processed
,,,crossref,pending,not yet processed
,,,crossref,pending,not yet processed
,,,crossref,pending,not yet processed
,,2015,crossref,pending,not yet processed
,,2019,crossref,pending,not yet processed
,,2008,crossref,pending,not yet processed
,,,crossref,pending,not yet processed
,,2011,crossref,pending,not yet processed
,,2012,crossref,pending,not yet processed
,,2021,crossref,pending,not yet processed
,,2023,crossref,pending,not yet processed
,,2020,crossref,pending,not yet processed
,,2021,crossref,pending,not yet processed
,,2011,crossref,pending,not yet processed
,,2021,crossref,pending,not yet processed
,,2020,crossref,pending,not yet processed
,,2020,crossref,pending,not yet processed
,,,crossref,pending,not yet processed
,,,crossref,pending,not yet processed
,,2016,crossref,pending,not yet processed
,,,crossref,pending,not yet processed
,,,crossref,pending,not yet processed
,,2021,crossref,pending,not yet processed
,,,crossref,pending,not yet processed
,,2022,crossref,pending,not yet processed
,,,crossref,pending,not yet processed
,,2022,crossref,pending,not yet processed
,,2023,crossref,pending,not yet processed
,,2008,crossref,pending,not yet processed
,,2014,crossref,pending,not yet processed
,,2019,crossref,pending,not yet processed
,,2025,crossref,pending,not yet processed
,,2019,crossref,pending,not yet processed
,,2017,crossref,pending,not yet processed
,,,crossref,pending,not yet processed
,,2018,crossref,pending,not yet processed
,,2007,crossref,pending,not yet processed
,,2009,crossref,pending,not yet processed
,,2021,crossref,pending,not yet processed
,,2025,crossref,pending,not yet processed
,,,crossref,pending,not yet processed
,,,crossref,pending,not yet processed
,,2012,crossref,pending,not yet processed
,,2017,crossref,pending,not yet processed
,,2009,crossref,pending,not yet processed
,,,crossref,pending,not yet processed
,,2017,crossref,pending,not yet processed
,,,crossref,pending,not yet processed
,,,crossref,pending,not yet processed
,,2008,crossref,pending,not yet processed
,,2018,crossref,pending,not yet processed
,,2019,crossref,pending,not yet processed
,,2007,crossref,pending,not yet processed
,,2017,crossref,pending,not yet processed
,,2018,crossref,pending,not yet processed
,,,crossref,pending,not yet processed
,,2016,crossref,pending,not yet processed
,,2023,crossref,pending,not yet processed
,,2015,crossref,pending,not yet processed
,,1961,crossref,pending,not yet processed
,,,crossref,pending,not yet processed
,,,crossref,pending,not yet processed
,,1958,crossref,pending,not yet processed
,,,crossref,pending,not yet processed
,,,crossref,pending,not yet processed
,,2015,crossref,pending,not yet processed
,,2017,crossref,pending,not yet processed
,,,crossref,pending,not yet processed
,,2011,crossref,pending,not yet processed
,,,crossref,pending,not yet processed
,,2017,crossref,pending,not yet processed
,Dropout: a simple way to prevent neural networks from overfitting,2014,crossref,pending,not yet processed
,,,crossref,pending,not yet processed
,,2016,crossref,pending,not yet processed
,,,crossref,pending,not yet processed
,,1999,crossref,pending,not yet processed
,,2015,crossref,pending,not yet processed
,,,crossref,pending,not yet processed
,,2024,crossref,pending,not yet processed
,,2021,crossref,pending,not yet processed
,,2019,crossref,pending,not yet processed
,,,crossref,pending,not yet processed
,,2023,crossref,pending,not yet processed
,,2013,crossref,pending,not yet processed
,,2019,crossref,pending,not yet processed
,,2021,crossref,pending,not yet processed
,,2017,crossref,pending,not yet processed
,,,crossref,pending,not yet processed
,,2024,crossref,pending,not yet processed
,,2019,crossref,pending,not yet processed
,,2015,crossref,pending,not yet processed
,,,crossref,pending,not yet processed
,,,crossref,pending,not yet processed
,,,crossref,pending,not yet processed
,,1982,crossref,pending,not yet processed
,,,crossref,pending,not yet processed
,,2018,crossref,pending,not yet processed
,,,crossref,pending,not yet processed
,,,crossref,pending,not yet processed
,,2019,crossref,pending,not yet processed
,,,crossref,pending,not yet processed
,,,crossref,pending,not yet processed
,,2012,crossref,pending,not yet processed
,,,crossref,pending,not yet processed
,,2019,crossref,pending,not yet processed
,,2016,crossref,pending,not yet processed
,,,crossref,pending,not yet processed
,,2023,crossref,pending,not yet processed
,,1965,crossref,pending,not yet processed
,,2018,crossref,pending,not yet processed
,,2011,crossref,pending,not yet processed
,,2018,crossref,pending,not yet processed
,,2018,crossref,pending,not yet processed
,,,crossref,pending,not yet processed
,,2008,crossref,pending,not yet processed
,,1999,crossref,pending,not yet processed
,,2023,crossref,pending,not yet processed
,Provably secure authenticated key agreement scheme for smart grid,2016,crossref,pending,not yet processed
,,2010,crossref,pending,not yet processed
,,,crossref,pending,not yet processed
,,,crossref,pending,not yet processed
,,2014,crossref,pending,not yet processed
,,,crossref,pending,not yet processed
,,2015,crossref,pending,not yet processed
,On actor-network theory: A few clarifications,1996,crossref,pending,not yet processed
,,2026,crossref,pending,not yet processed
,,,crossref,pending,not yet processed
,,2026,crossref,pending,not yet processed
,,,crossref,pending,not yet processed
,,,crossref,pending,not yet processed
,,2026,crossref,pending,not yet processed
,,2025,crossref,pending,not yet processed
,,,crossref,pending,not yet processed
,,,crossref,pending,not yet processed
,,,crossref,pending,not yet processed
,,,crossref,pending,not yet processed
,,,crossref,pending,not yet processed
,,,crossref,pending,not yet processed
,,2009,crossref,pending,not yet processed
,,2014,crossref,pending,not yet processed
,,,crossref,pending,not yet processed
,,,crossref,pending,not yet processed
,,2004,crossref,pending,not yet processed
,,2025,crossref,pending,not yet processed
,,,crossref,pending,not yet processed
,,1984,crossref,pending,not yet processed
,,2011,crossref,pending,not yet processed
,,2017,crossref,pending,not yet processed
,,,crossref,pending,not yet processed
,,2019,crossref,pending,not yet processed
,MATch: Differentiable material graphs for procedural material capture,2020,crossref,pending,not yet processed
,,,crossref,pending,not yet processed
,,2020,crossref,pending,not yet processed
,,,crossref,pending,not yet processed
,,,crossref,pending,not yet processed
,,2013,crossref,pending,not yet processed
,,2023,crossref,pending,not yet processed
,,,crossref,pending,not yet processed
,,,crossref,pending,not yet processed
,,,crossref,pending,not yet processed
,,,crossref,pending,not yet processed
,,,crossref,pending,not yet processed
,,,crossref,pending,not yet processed
,,2022,crossref,pending,not yet processed
,,2025,crossref,pending,not yet processed
,,2013,crossref,pending,not yet processed
,,2015,crossref,pending,not yet processed
,,2025,crossref,pending,not yet processed
,,,crossref,pending,not yet processed
,,,crossref,pending,not yet processed
,,2017,crossref,pending,not yet processed
,,2017,crossref,pending,not yet processed
,,2017,crossref,pending,not yet processed
,,2019,crossref,pending,not yet processed
,,2019,crossref,pending,not yet processed
,,2023,crossref,pending,not yet processed
,,2024,crossref,pending,not yet processed
,,2024,crossref,pending,not yet processed
,,2024,crossref,pending,not yet processed
,,2024,crossref,pending,not yet processed
,,2024,crossref,pending,not yet processed
,,2024,crossref,pending,not yet processed
,,2024,crossref,pending,not yet processed
,,2025,crossref,pending,not yet processed
,,2025,crossref,pending,not yet processed
,,2025,crossref,pending,not yet processed
,,2025,crossref,pending,not yet processed
,,2025,crossref,pending,not yet processed
,,2025,crossref,pending,not yet processed
,,2025,crossref,pending,not yet processed
,,2025,crossref,pending,not yet processed
,,2025,crossref,pending,not yet processed
,,2025,crossref,pending,not yet processed
,,2023,crossref,pending,not yet processed
,,2023,crossref,pending,not yet processed
,,2025,crossref,pending,not yet processed
,,2025,crossref,pending,not yet processed
,,2025,crossref,pending,not yet processed
,,2024,crossref,pending,not yet processed
,,,crossref,pending,not yet processed
,,2012,crossref,pending,not yet processed
,,2014,crossref,pending,not yet processed
,,2023,crossref,pending,not yet processed
,,2025,crossref,pending,not yet processed
,,,crossref,pending,not yet processed
,,2019,crossref,pending,not yet processed
,,2021,crossref,pending,not yet processed
,,2022,crossref,pending,not yet processed
,,2024,crossref,pending,not yet processed
,,2024,crossref,pending,not yet processed
,,2025,crossref,pending,not yet processed
,,2025,crossref,pending,not yet processed
,,2025,crossref,pending,not yet processed
,,2025,crossref,pending,not yet processed
,,2023,crossref,pending,not yet processed
,,2021,crossref,pending,not yet processed
,,2021,crossref,pending,not yet processed
,,2021,crossref,pending,not yet processed
,,2023,crossref,pending,not yet processed
,,2024,crossref,pending,not yet processed
,,2024,crossref,pending,not yet processed
,,2025,crossref,pending,not yet processed
,,2025,crossref,pending,not yet processed
,,2025,crossref,pending,not yet processed
,,2025,crossref,pending,not yet processed
,,2025,crossref,pending,not yet processed
,,2025,crossref,pending,not yet processed
,,2025,crossref,pending,not yet processed
,,2025,crossref,pending,not yet processed
,,2025,crossref,pending,not yet processed
,,2025,crossref,pending,not yet processed
,,2009,crossref,pending,not yet processed
,,2007,crossref,pending,not yet processed
,,2024,crossref,pending,not yet processed
,,2014,crossref,pending,not yet processed
,,2025,crossref,pending,not yet processed
,,2024,crossref,pending,not yet processed
,,2024,crossref,pending,not yet processed
,,,crossref,pending,not yet processed
,,,crossref,pending,not yet processed
,Fake-Vertising and Mobile Games: Case Study of “Pull the Pin,2020,crossref,pending,not yet processed
,,2004,crossref,pending,not yet processed
,,,crossref,pending,not yet processed
,,2017,crossref,pending,not yet processed
,,2013,crossref,pending,not yet processed
,,,crossref,pending,not yet processed
,The Big Hack: How China Used a Tiny Chip to Infiltrate U.S. Companies,2018,crossref,pending,not yet processed
,,,crossref,pending,not yet processed
,,,crossref,pending,not yet processed
,,,crossref,pending,not yet processed
,,2025,crossref,pending,not yet processed
,,,crossref,pending,not yet processed
,,2020,crossref,pending,not yet processed
,,,crossref,pending,not yet processed
,,,crossref,pending,not yet processed
,,2013,crossref,pending,not yet processed
,,,crossref,pending,not yet processed
,,2013,crossref,pending,not yet processed
,,1971,crossref,pending,not yet processed
,,2024,crossref,pending,not yet processed
,,,crossref,pending,not yet processed
,,,crossref,pending,not yet processed
,,,crossref,pending,not yet processed
,,,crossref,pending,not yet processed
,,2013,crossref,pending,not yet processed
10.52086/001c.31147,,,crossref,pending,not yet processed
10.1145/3319502.3374786,,,crossref,pending,not yet processed
10.1080/0957514970180102,,,crossref,pending,not yet processed
,,,crossref,pending,not yet processed
10.1145/3173225.3173251,,,crossref,pending,not yet processed
10.1145/3332165.3347957,,,crossref,pending,not yet processed
10.4324/9781315850115,,,crossref,pending,not yet processed
10.1177/15586898221126816,,,crossref,pending,not yet processed
10.1007/s13347-024-00730-2,,,crossref,pending,not yet processed
10.4324/9781003136118,,,crossref,pending,not yet processed
10.1145/3715336.3735794,,,crossref,pending,not yet processed
10.1097/00004650-200401000-00006,,,crossref,pending,not yet processed
10.1145/3631700.3664890,,,crossref,pending,not yet processed
10.1145/3325277,,,crossref,pending,not yet processed
10.1016/j.robot.2022.104047,,,crossref,pending,not yet processed
10.1145/3419249.3420169,,,crossref,pending,not yet processed
10.1109/roman.2011.6005285,,,crossref,pending,not yet processed
10.1007/s12369-019-00523-0,,,crossref,pending,not yet processed
10.1163/156853012x614378,,,crossref,pending,not yet processed
10.1145/3450446,,,crossref,pending,not yet processed
10.1145/1865245.1865256,,,crossref,pending,not yet processed
10.3390/ani9121030,,,crossref,pending,not yet processed
,,,crossref,pending,not yet processed
10.1109/taffc.2015.2457893,,,crossref,pending,not yet processed
10.17011/ht/urn.201611174655,,,crossref,pending,not yet processed
10.1037/a0029188,,,crossref,pending,not yet processed
10.1145/1971630.1971664,,,crossref,pending,not yet processed
10.1145/3706598.3713490,,,crossref,pending,not yet processed
10.1159/000319015,,,crossref,pending,not yet processed
10.1016/j.pedn.2015.08.006,,,crossref,pending,not yet processed
10.1145/3173225.3173335,,,crossref,pending,not yet processed
10.1007/s10560-010-0201-1,,,crossref,pending,not yet processed
10.1145/1349822.1349858,,,crossref,pending,not yet processed
10.1145/1514095.1514155,,,crossref,pending,not yet processed
10.1145/3025453.3025751,,,crossref,pending,not yet processed
10.1145/3272973.3272994,,,crossref,pending,not yet processed
,,,crossref,pending,not yet processed
10.1145/2207676.2208417,,,crossref,pending,not yet processed
10.1109/ro-man47096.2020.9223548,,,crossref,pending,not yet processed
,,,crossref,pending,not yet processed
10.1145/3490149.3501316,,,crossref,pending,not yet processed
10.1145/3772363.3799216,,,crossref,pending,not yet processed
10.1145/3706598.3714311,,,crossref,pending,not yet processed
10.1016/j.ctcp.2020.101101,,,crossref,pending,not yet processed
10.1145/3025453.3025873,,,crossref,pending,not yet processed
10.3138/ctr.172.009,,,crossref,pending,not yet processed
10.1080/13528165.2020.1842032,,,crossref,pending,not yet processed
10.1177/1468798417712066,,,crossref,pending,not yet processed
10.1145/3610978.3638154,,,crossref,pending,not yet processed
10.1086/653406,,,crossref,pending,not yet processed
10.1007/978-3-031-93982-2_13,,,crossref,pending,not yet processed
10.3390/systems12060194,,,crossref,pending,not yet processed
10.1016/j.ijhcs.2016.12.008,,,crossref,pending,not yet processed
,,,crossref,pending,not yet processed
,,2023,crossref,pending,not yet processed
,,,crossref,pending,not yet processed
,,1993,crossref,pending,not yet processed
,,,crossref,pending,not yet processed
,,2019,crossref,pending,not yet processed
10.2307/j.ctt7zw866.18,,,crossref,pending,not yet processed
,,,crossref,pending,not yet processed
,,,crossref,pending,not yet processed
10.3998/mpub.4845471,,,crossref,pending,not yet processed
,,1994,crossref,pending,not yet processed
,Afrofuturism and Post-Soul Possibility in Black Popular Music,2007,crossref,pending,not yet processed
10.1086/706517,,,crossref,pending,not yet processed
10.1525/sfs.36.3.0404,,,crossref,pending,not yet processed
10.1162/desi_a_00381,,,crossref,pending,not yet processed
,,,crossref,pending,not yet processed
10.1353/tj.2001.0068,,,crossref,pending,not yet processed
10.1023/a:1026149119426,,,crossref,pending,not yet processed
,,2013,crossref,pending,not yet processed
,,1912,crossref,pending,not yet processed
10.5325/utopianstudies.36.1.0099,,,crossref,pending,not yet processed
,,,crossref,pending,not yet processed
10.1353/ncr.2003.0021,,,crossref,pending,not yet processed
,,,crossref,pending,not yet processed
10.1093/acprof:oso/9780195109757.001.0001,,,crossref,pending,not yet processed
10.5149/northcarolina/9781469625157.001.0001,,,crossref,pending,not yet processed
10.1093/acprof:oso/9780198237907.001.0001,,,crossref,pending,not yet processed
,June Tyson: On Erasure and Relevance,2025,crossref,pending,not yet processed
,"A Cyborg Manifesto: Science, Technology, and Socialist Feminism in the Late Twentieth Century",1984,crossref,pending,not yet processed
,,2013,crossref,pending,not yet processed
10.1145/3411764.3445723,,,crossref,pending,not yet processed
10.1145/3491102.3502118,,,crossref,pending,not yet processed
10.2307/j.ctvwcjf57.9,,,crossref,pending,not yet processed
10.1215/00382876-6942093,,,crossref,pending,not yet processed
,,,crossref,pending,not yet processed
,,1992,crossref,pending,not yet processed
,,,crossref,pending,not yet processed
10.1145/3643834.3661605,,,crossref,pending,not yet processed
,,,crossref,pending,not yet processed
,,1970,crossref,pending,not yet processed
,,,crossref,pending,not yet processed
,,,crossref,pending,not yet processed
,,2019,crossref,pending,not yet processed
,,,crossref,pending,not yet processed
,,2003,crossref,pending,not yet processed
10.2307/jj.36106131.5,,,crossref,pending,not yet processed
,,,crossref,pending,not yet processed
10.18574/nyu/9781479833641.001.0001,,,crossref,pending,not yet processed
,,,crossref,pending,not yet processed
,,,crossref,pending,not yet processed
10.1353/ams.2013.0120,,,crossref,pending,not yet processed
,,2020,crossref,pending,not yet processed
,,2016,crossref,pending,not yet processed
,,,crossref,pending,not yet processed
,,,crossref,pending,not yet processed
,,2017,crossref,pending,not yet processed
10.1007/978-3-319-66041-7,,,crossref,pending,not yet processed
,,,crossref,pending,not yet processed
,"Making a Killing: On Race, Ritual, and (Re)Membering in Digital Culture. Preservation",2019,crossref,pending,not yet processed
,,,crossref,pending,not yet processed
,,,crossref,pending,not yet processed
10.1145/3563657.3596057,,,crossref,pending,not yet processed
10.4324/9781003159285,,,crossref,pending,not yet processed
,,1996,crossref,pending,not yet processed
,,,crossref,pending,not yet processed
,Engaging the black ethos: Afrofuturism as a design lens for inclusive technological innovation,2019,crossref,pending,not yet processed
,,,crossref,pending,not yet processed
10.1177/0141778920973648,,,crossref,pending,not yet processed
,,2024,crossref,pending,not yet processed
,,2025,crossref,pending,not yet processed
,,2021,crossref,pending,not yet processed
,,2024,crossref,pending,not yet processed
,,,crossref,pending,not yet processed
,,2019,crossref,pending,not yet processed
,,2022,crossref,pending,not yet processed
,,,crossref,pending,not yet processed
,,,crossref,pending,not yet processed
10.1145/3611044,,,crossref,pending,not yet processed
10.1145/3173574.3173614,,,crossref,pending,not yet processed
10.1145/3196709.3196819,,,crossref,pending,not yet processed
10.1145/3301019.3319995,,,crossref,pending,not yet processed
10.1145/3196709.3196731,,,crossref,pending,not yet processed
10.1145/3706598.3713239,,,crossref,pending,not yet processed
,,2024,crossref,pending,not yet processed
,,2023,crossref,pending,not yet processed
10.1145/3706599.3719942,,,crossref,pending,not yet processed
10.1145/3613904.3642659,,,crossref,pending,not yet processed
10.1145/3643834.3660745,,,crossref,pending,not yet processed
,,,crossref,pending,not yet processed
10.1145/3613904.3641945,,,crossref,pending,not yet processed
10.1145/3706598.3713892,,,crossref,pending,not yet processed
10.1109/jproc.2023.3315217,,,crossref,pending,not yet processed
10.1016/j.ijhcs.2025.103632,,,crossref,pending,not yet processed
10.1007/s40750-017-0061-4,,,crossref,pending,not yet processed
10.3389/fpsyt.2025.1549090,,,crossref,pending,not yet processed
10.1145/3715668.3736351,,,crossref,pending,not yet processed
10.1016/j.jadohealth.2005.12.026,,,crossref,pending,not yet processed
10.1145/2157689.2157813,,,crossref,pending,not yet processed
,,1959,crossref,pending,not yet processed
10.1145/2389176.2389192,,,crossref,pending,not yet processed
10.1145/3025453.3025683,,,crossref,pending,not yet processed
10.1145/3173574.3173628,,,crossref,pending,not yet processed
10.1016/j.appet.2014.10.021,,,crossref,pending,not yet processed
10.1145/3611057,,,crossref,pending,not yet processed
10.1145/3196709.3196724,,,crossref,pending,not yet processed
10.1145/142750.142769,,,crossref,pending,not yet processed
10.1109/icme.2013.6607638,,,crossref,pending,not yet processed
10.1145/3544548.3581277,,,crossref,pending,not yet processed
10.1145/3379337.3415843,,,crossref,pending,not yet processed
10.1145/3665869,,,crossref,pending,not yet processed
10.1561/1100000074,,,crossref,pending,not yet processed
10.1561/9781680835779,,,crossref,pending,not yet processed
10.1145/3544548.3580707,,,crossref,pending,not yet processed
10.1145/3544548.3580755,,,crossref,pending,not yet processed
10.1145/3728933,,,crossref,pending,not yet processed
10.1145/3341215.3356291,,,crossref,pending,not yet processed
10.1145/3589954,,,crossref,pending,not yet processed
10.1007/s12559-014-9273-0,,,crossref,pending,not yet processed
10.1145/3399715.3399958,,,crossref,pending,not yet processed
10.1145/2185520.2185587,,,crossref,pending,not yet processed
10.1145/3242671.3242710,,,crossref,pending,not yet processed
10.3389/fpsyg.2020.01772,,,crossref,pending,not yet processed
10.1007/978-3-031-63821-3_5,,,crossref,pending,not yet processed
10.1145/3491102.3517495,,,crossref,pending,not yet processed
10.1016/j.ijhcs.2025.103457,,,crossref,pending,not yet processed
10.1016/j.ijhcs.2023.103197,,,crossref,pending,not yet processed
10.1533/9781845695712.2.37,,,crossref,pending,not yet processed
10.1109/vr.2011.5759500,,,crossref,pending,not yet processed
10.1111/joss.70091,,,crossref,pending,not yet processed
10.3389/fcomp.2022.909844,,,crossref,pending,not yet processed
10.3389/fcomp.2019.00003,,,crossref,pending,not yet processed
10.1145/3699594,,,crossref,pending,not yet processed
10.1007/978-3-319-58071-5_16,,,crossref,pending,not yet processed
10.1073/pnas.0906172107,,,crossref,pending,not yet processed
10.1145/3411763.3451846,,,crossref,pending,not yet processed
10.1145/3313831.3376664,,,crossref,pending,not yet processed
10.1093/ajcn/nqz155,,,crossref,pending,not yet processed
10.1145/3715336.3735730,,,crossref,pending,not yet processed
10.3389/fnhum.2020.00096,,,crossref,pending,not yet processed
10.5057/isase.2025-c000040,,,crossref,pending,not yet processed
10.1016/j.cell.2015.03.007,,,crossref,pending,not yet processed
10.1016/j.ijgfs.2023.100695,,,crossref,pending,not yet processed
10.3389/fpsyg.2019.02252,,,crossref,pending,not yet processed
10.1186/2044-7248-2-16,,,crossref,pending,not yet processed
10.1007/978-3-031-91050-0_5,,,crossref,pending,not yet processed
10.1016/j.foodqual.2023.104917,,,crossref,pending,not yet processed
10.1080/10447318.2019.1619259,,,crossref,pending,not yet processed
10.1111/jpc.12428,,,crossref,pending,not yet processed
10.1016/j.appet.2024.107585,,,crossref,pending,not yet processed
10.3389/fcomp.2021.716846,,,crossref,pending,not yet processed
10.3389/fpsyg.2020.595788,,,crossref,pending,not yet processed
10.1145/2030112.2030116,,,crossref,pending,not yet processed
10.1016/j.eswa.2025.130152,,,crossref,pending,not yet processed
10.1145/3706599.3720228,,,crossref,pending,not yet processed
10.1145/3772318.3790615,,,crossref,pending,not yet processed
,,2021,crossref,pending,not yet processed
,,2015,crossref,pending,not yet processed
,,2023,crossref,pending,not yet processed
10.5962/bhl.title.29413,,1854,crossref,pending,not yet processed
,,2010,crossref,pending,not yet processed
10.7771/2157-9288.1278,,,crossref,pending,not yet processed
,Classifying WCAG 2.0 guidelines as the legal standard for website under title III of the Americans with disabilities act,2019,crossref,pending,not yet processed
,,2023,crossref,pending,not yet processed
10.1145/3452379,,,crossref,pending,not yet processed
,,,crossref,pending,not yet processed
,,,crossref,pending,not yet processed
,,1998,crossref,pending,not yet processed
10.7551/mitpress/12255.001.0001,,2020,crossref,pending,not yet processed
,,2019,crossref,pending,not yet processed
10.1145/3051457.3051464,,2017,crossref,pending,not yet processed
,,2020,crossref,pending,not yet processed
,,,crossref,pending,not yet processed
10.1145/3449024,,,crossref,pending,not yet processed
,,2022,crossref,pending,not yet processed
10.1145/3451345,,,crossref,pending,not yet processed
10.1177/0022343392029003007,,,crossref,pending,not yet processed
,,2018,crossref,pending,not yet processed
10.1145/3478431.3499395,,2022,crossref,pending,not yet processed
10.1145/3776542,Deconstructing conceptions of rigor in computer science education,2026,crossref,pending,not yet processed
,,2025,crossref,pending,not yet processed
,,2018,crossref,pending,not yet processed
,,2018,crossref,pending,not yet processed
,,2017,crossref,pending,not yet processed
,,2020,crossref,pending,not yet processed
,,2014,crossref,pending,not yet processed
10.1145/3595187,,,crossref,pending,not yet processed
10.1145/2063176.2063195,,,crossref,pending,not yet processed
10.4324/9781003060963,,,crossref,pending,not yet processed
10.1109/blocks.2015.7369000,,2015,crossref,pending,not yet processed
,,1968,crossref,pending,not yet processed
10.1109/educon.2015.7096023,,2015,crossref,pending,not yet processed
10.1080/2005615x.2015.1072079,,,crossref,pending,not yet processed
10.1007/s10639-021-10663-4,,,crossref,pending,not yet processed
,,1989,crossref,pending,not yet processed
,,2003,crossref,pending,not yet processed
,,2022,crossref,pending,not yet processed
,,2021,crossref,pending,not yet processed
,An embodied sense of programming: An anti-ableist framework for the analysis of learners’ developing senses of programming,2025,crossref,pending,not yet processed
10.21585/ijcses.v2i2.25,,,crossref,pending,not yet processed
,,2023,crossref,pending,not yet processed
,,2013,crossref,pending,not yet processed
10.1145/3677612,,,crossref,pending,not yet processed
,,2020,crossref,pending,not yet processed
,,2024,crossref,pending,not yet processed
,,2015,crossref,pending,not yet processed
,,1994,crossref,pending,not yet processed
,,2015,crossref,pending,not yet processed
,,2023,crossref,pending,not yet processed
10.1145/3328778.3366823,,2020,crossref,pending,not yet processed
,,2019,crossref,pending,not yet processed
,,2013,crossref,pending,not yet processed
10.1145/3500918,,,crossref,pending,not yet processed
10.1145/3202185.3202754,,2018,crossref,pending,not yet processed
10.1145/1089733.1089734,,,crossref,pending,not yet processed
10.1145/1240624.1240844,,2007,crossref,pending,not yet processed
10.1016/j.ijcci.2018.03.004,,,crossref,pending,not yet processed
10.1145/1061811.1061820,,2005,crossref,pending,not yet processed
,,2021,crossref,pending,not yet processed
10.1080/08993408.2023.2171689,,,crossref,pending,not yet processed
,,2025,crossref,pending,not yet processed
,,2023,crossref,pending,not yet processed
,,2004,crossref,pending,not yet processed
,,2004,crossref,pending,not yet processed
10.1145/3424000,,,crossref,pending,not yet processed
10.1145/3477981,,,crossref,pending,not yet processed
10.3102/00028312032003465,,,crossref,pending,not yet processed
10.1177/016146819509700104,,,crossref,pending,not yet processed
,,2014,crossref,pending,not yet processed
,,2022,crossref,pending,not yet processed
,,2022,crossref,pending,not yet processed
,,2016,crossref,pending,not yet processed
,,1983,crossref,pending,not yet processed
10.1016/j.langsci.2017.04.001,,,crossref,pending,not yet processed
,,2021,crossref,pending,not yet processed
10.1145/1868358.1868363,,,crossref,pending,not yet processed
,,2020,crossref,pending,not yet processed
10.1007/s10113-020-01731-5,,,crossref,pending,not yet processed
10.1145/3441636.3442316,,2021,crossref,pending,not yet processed
10.1080/08993400802114581,,,crossref,pending,not yet processed
,,2023,crossref,pending,not yet processed
,,1996,crossref,pending,not yet processed
,,2021,crossref,pending,not yet processed
10.1007/978-3-658-31395-1_22-1,,,crossref,pending,not yet processed
10.5749/jcritethnstud.1.1.0076,,,crossref,pending,not yet processed
10.1145/3051519.3051525,,,crossref,pending,not yet processed
,,,crossref,pending,not yet processed
10.1007/978-3-031-25336-2_21,,,crossref,pending,not yet processed
,,2022,crossref,pending,not yet processed
10.1145/3507469,,,crossref,pending,not yet processed
10.1007/978-1-4842-4221-6_13,,,crossref,pending,not yet processed
10.1207/s15327833mtl04023_6,,,crossref,pending,not yet processed
,,2017,crossref,pending,not yet processed
10.1080/14742837.2022.2031955,,,crossref,pending,not yet processed
,,2004,crossref,pending,not yet processed
,,2023,crossref,pending,not yet processed
,,2022,crossref,pending,not yet processed
10.1080/14649357.2012.677123,,,crossref,pending,not yet processed
10.1177/14782103221123363,,,crossref,pending,not yet processed
10.1006/ijhc.2000.0410,,,crossref,pending,not yet processed
10.1109/hcc.2002.1046372,,,crossref,pending,not yet processed
,,1981,crossref,pending,not yet processed
10.3102/0013189x12441244,,,crossref,pending,not yet processed
10.1145/3017680.3017778,,2017,crossref,pending,not yet processed
10.1109/iciis53135.2021.9660709,,2021,crossref,pending,not yet processed
10.1145/3386527.3405916,,2020,crossref,pending,not yet processed
10.1145/3392063.3394437,,2020,crossref,pending,not yet processed
,,2018,crossref,pending,not yet processed
10.1145/3451344,,,crossref,pending,not yet processed
10.4159/9780674042605,,1971,crossref,pending,not yet processed
,,2020,crossref,pending,not yet processed
10.1145/2897736,,,crossref,pending,not yet processed
,,2023,crossref,pending,not yet processed
,,2021,crossref,pending,not yet processed
10.1145/3484494,,,crossref,pending,not yet processed
10.7551/mitpress/12091.003.0026,,,crossref,pending,not yet processed
10.1177/016264340001500407,,,crossref,pending,not yet processed
,,2010,crossref,pending,not yet processed
10.1177/14782103231178069,,,crossref,pending,not yet processed
,,2019,crossref,pending,not yet processed
10.1145/3287324.3287499,,2019,crossref,pending,not yet processed
10.1080/17439884.2014.924966,,,crossref,pending,not yet processed
,,2015,crossref,pending,not yet processed
,,2007,crossref,pending,not yet processed
10.1145/3604633,,,crossref,pending,not yet processed
,,2022,crossref,pending,not yet processed
10.1145/3624981,,,crossref,pending,not yet processed
10.1002/tea.21852,,,crossref,pending,not yet processed
10.1109/iccse51940.2021.9569444,,2021,crossref,pending,not yet processed
,,2020,crossref,pending,not yet processed
,,2014,crossref,pending,not yet processed
10.1145/3017680.3022377,,2017,crossref,pending,not yet processed
,,2015,crossref,pending,not yet processed
10.1145/3513137,,,crossref,pending,not yet processed
10.1145/3641552,,,crossref,pending,not yet processed
,,2023,crossref,pending,not yet processed
,,2024,crossref,pending,not yet processed
10.1145/3416465.3416475,,2020,crossref,pending,not yet processed
,,2016,crossref,pending,not yet processed
10.17763/1943-5045-88.1.26,,,crossref,pending,not yet processed
10.1080/10749039.2022.2066134,,,crossref,pending,not yet processed
10.1145/3561391,,,crossref,pending,not yet processed
,,2020,crossref,pending,not yet processed
10.1145/3447379,,,crossref,pending,not yet processed
10.1080/08993408.2020.1751525,,,crossref,pending,not yet processed
10.3390/su13158268,,,crossref,pending,not yet processed
,Transforming public education: The need for an educational justice movement,2014,crossref,pending,not yet processed
,,2022,crossref,pending,not yet processed
,,2015,crossref,pending,not yet processed
,Restructurations: Reformulations of knowledge disciplines through new representational forms,2010,crossref,pending,not yet processed
,,2020,crossref,pending,not yet processed
10.4324/9781315259697,,,crossref,pending,not yet processed
,,2018,crossref,pending,not yet processed
10.1145/3303770,,,crossref,pending,not yet processed
10.1145/3527203,,,crossref,pending,not yet processed
10.1177/135485650501100107,,,crossref,pending,not yet processed
,,2019,crossref,pending,not yet processed
,,,crossref,pending,not yet processed
,,,crossref,pending,not yet processed
,,,crossref,pending,not yet processed
,,,crossref,pending,not yet processed
,,,crossref,pending,not yet processed
,,,crossref,pending,not yet processed
10.1016/j.heliyon.2024.e30696,,,crossref,pending,not yet processed
10.1145/3544548.3580984,,,crossref,pending,not yet processed
10.1145/3290605.3300233,,,crossref,pending,not yet processed
10.1145/3689042,,,crossref,pending,not yet processed
,,,crossref,pending,not yet processed
10.4337/9781803928562.00026,,,crossref,pending,not yet processed
10.14512/tatup.32.3.10,,,crossref,pending,not yet processed
10.1145/1518701.1518812,,,crossref,pending,not yet processed
10.1016/j.destud.2020.02.003,,,crossref,pending,not yet processed
10.1145/1188816.1188820,,,crossref,pending,not yet processed
10.4324/9781315129945-8,,,crossref,pending,not yet processed
,,,crossref,pending,not yet processed
10.1177/1354856519829679,,,crossref,pending,not yet processed
10.1007/s43681-024-00483-w,,,crossref,pending,not yet processed
,,,crossref,pending,not yet processed
10.17351/ests2020.277,,,crossref,pending,not yet processed
,,,crossref,pending,not yet processed
,,,crossref,pending,not yet processed
10.1145/3555578,,,crossref,pending,not yet processed
,,,crossref,pending,not yet processed
10.1109/n-ssc.2006.4785853,,,crossref,pending,not yet processed
10.1145/3706598.3713138,,,crossref,pending,not yet processed
,,,crossref,pending,not yet processed
,,,crossref,pending,not yet processed
10.1016/j.techfore.2016.04.005,,,crossref,pending,not yet processed
10.2307/jj.36032609,,,crossref,pending,not yet processed
,,,crossref,pending,not yet processed
,,2023,crossref,pending,not yet processed
,,,crossref,pending,not yet processed
10.4324/9780367808426,,,crossref,pending,not yet processed
10.1080/03637751.2017.1375130,,,crossref,pending,not yet processed
10.1037/0033-295x.114.4.864,,,crossref,pending,not yet processed
10.1080/17510694.2024.2421135,,,crossref,pending,not yet processed
10.3386/w31161,,,crossref,pending,not yet processed
10.1162/desi.2008.24.3.4,,,crossref,pending,not yet processed
10.1177/16094069231185452,,,crossref,pending,not yet processed
,,,crossref,pending,not yet processed
,,,crossref,pending,not yet processed
,,,crossref,pending,not yet processed
10.1145/2598510.2598588,,,crossref,pending,not yet processed
,,,crossref,pending,not yet processed
,,,crossref,pending,not yet processed
10.1177/002224297503900107,,,crossref,pending,not yet processed
,,,crossref,pending,not yet processed
,,,crossref,pending,not yet processed
10.1177/1470593117692024,,,crossref,pending,not yet processed
10.1080/14746700600952993,,,crossref,pending,not yet processed
10.1145/3706598.3713287,,,crossref,pending,not yet processed
10.1080/15228835.2012.743797,,,crossref,pending,not yet processed
10.1145/3173574.3174108,,,crossref,pending,not yet processed
,,,crossref,pending,not yet processed
10.1126/science.add9884,,,crossref,pending,not yet processed
10.1017/can.2020.45,,,crossref,pending,not yet processed
10.60087/jaigs.v1i1.27,,,crossref,pending,not yet processed
10.1145/3715275.3732011,,,crossref,pending,not yet processed
10.1007/s11024-009-9124-4,,,crossref,pending,not yet processed
,,2019,crossref,pending,not yet processed
10.1145/3491102.3517653,,,crossref,pending,not yet processed
,,2023,crossref,pending,not yet processed
10.1145/3442188.3445890,,,crossref,pending,not yet processed
,,,crossref,pending,not yet processed
10.1145/3706598.3713799,,,crossref,pending,not yet processed
10.1007/s43681-023-00352-y,,,crossref,pending,not yet processed
10.1145/3613904.3642116,,,crossref,pending,not yet processed
,,2018,crossref,pending,not yet processed
10.2139/ssrn.3528447,,,crossref,pending,not yet processed
10.1007/s12525-022-00591-7,,,crossref,pending,not yet processed
10.1145/3613904.3642625,,,crossref,pending,not yet processed
10.1145/3531146.3533182,,,crossref,pending,not yet processed
10.1145/3544548.3581194,,,crossref,pending,not yet processed
,,,crossref,pending,not yet processed
10.1145/3613904.3641954,,,crossref,pending,not yet processed
10.1177/1461444820929321,,,crossref,pending,not yet processed
10.1007/s43681-024-00461-2,,,crossref,pending,not yet processed
10.1145/3706598.3714200,,,crossref,pending,not yet processed
10.1145/3359183,,,crossref,pending,not yet processed
,,,crossref,pending,not yet processed
,,,crossref,pending,not yet processed
10.1177/160940690600500103,,,crossref,pending,not yet processed
10.1145/3706598.3714117,,,crossref,pending,not yet processed
10.21606/drs.2022.667,,,crossref,pending,not yet processed
10.1007/s00146-020-00966-4,,,crossref,pending,not yet processed
,,,crossref,pending,not yet processed
10.1177/1354856517715164,,,crossref,pending,not yet processed
,,,crossref,pending,not yet processed
10.1215/15314200-2009-030,,,crossref,pending,not yet processed
,,,crossref,pending,not yet processed
,,,crossref,pending,not yet processed
,,,crossref,pending,not yet processed
,,2023,crossref,pending,not yet processed
,,,crossref,pending,not yet processed
,,,crossref,pending,not yet processed
10.1007/s43681-024-00419-4,,,crossref,pending,not yet processed
10.1515/commun-2022-0091,,,crossref,pending,not yet processed
10.1007/978-1-4302-4474-5_2,,,crossref,pending,not yet processed
10.1145/3706598.3714049,,,crossref,pending,not yet processed
10.1145/3531146.3533158,,,crossref,pending,not yet processed
,,,crossref,pending,not yet processed
10.1145/3591196.3593364,,,crossref,pending,not yet processed
,,,crossref,pending,not yet processed
10.1007/978-3-031-02220-3_3,,,crossref,pending,not yet processed
10.1080/17530350.2018.1557730,,,crossref,pending,not yet processed
10.1080/09537321003647354,,,crossref,pending,not yet processed
10.1145/3591196.3593051,,,crossref,pending,not yet processed
,,2010,crossref,pending,not yet processed
10.3389/frobt.2023.1149601,,,crossref,pending,not yet processed
10.1145/3600211.3604693,,,crossref,pending,not yet processed
10.1007/s11569-021-00399-3,,,crossref,pending,not yet processed
10.1145/3613904.3642461,,,crossref,pending,not yet processed
10.1038/s42256-019-0039-y,,,crossref,pending,not yet processed
,,2025,crossref,pending,not yet processed
,,,crossref,pending,not yet processed
,,2017,crossref,pending,not yet processed
10.1145/3411764.3445219,,,crossref,pending,not yet processed
10.1177/20552076221123707,,,crossref,pending,not yet processed
10.1145/3613904.3642160,,,crossref,pending,not yet processed
10.1145/3643834.3660720,,,crossref,pending,not yet processed
,,,crossref,pending,not yet processed
,,,crossref,pending,not yet processed
,,,crossref,pending,not yet processed
10.1016/j.techfore.2012.12.004,,,crossref,pending,not yet processed
10.1080/14626268.2023.2174557,,,crossref,pending,not yet processed
10.1145/3386247,,,crossref,pending,not yet processed
,,,crossref,pending,not yet processed
10.1145/3706598.3713118,,,crossref,pending,not yet processed
,,2023,crossref,pending,not yet processed
10.1145/3577199,,,crossref,pending,not yet processed
10.1007/978-3-030-32236-6_51,,,crossref,pending,not yet processed
10.1145/3654777.3676426,,,crossref,pending,not yet processed
10.1145/3544548.3581388,,,crossref,pending,not yet processed
10.1145/3491102.3501914,,,crossref,pending,not yet processed
10.1109/intmag.2018.8508549,,,crossref,pending,not yet processed
,,2024,crossref,pending,not yet processed
10.1145/3386263.3411365,,,crossref,pending,not yet processed
10.1109/eh.1999.785453,,,crossref,pending,not yet processed
10.1109/access51619.2021.9563288,,,crossref,pending,not yet processed
10.1109/jproc.2003.811702,,,crossref,pending,not yet processed
,,2022,crossref,pending,not yet processed
10.1109/iedm19574.2021.9720519,,,crossref,pending,not yet processed
10.1109/hpca.2017.61,,,crossref,pending,not yet processed
10.1109/hst.2017.7951835,,,crossref,pending,not yet processed
10.1109/nano54668.2022.9928659,,,crossref,pending,not yet processed
10.1109/ted.2019.2963203,,,crossref,pending,not yet processed
10.1109/ted.2022.3146222,,,crossref,pending,not yet processed
,Utilizing the variability of resistive random access memory to implement reconfigurable physical unclonable functions,2014,crossref,pending,not yet processed
10.1016/j.sse.2016.07.006,,,crossref,pending,not yet processed
,Laser-induced single-bit faults in flash memory: Instructions corruption on a 32-bit microcontroller,2018,crossref,pending,not yet processed
,,,crossref,pending,not yet processed
10.1109/nano.2014.6968027,,,crossref,pending,not yet processed
10.1109/tnano.2015.2397951,,,crossref,pending,not yet processed
10.1109/jproc.2009.2035147,,,crossref,pending,not yet processed
10.1109/access.2022.3208650,,,crossref,pending,not yet processed
10.1109/ictp48844.2019.9041804,,,crossref,pending,not yet processed
10.1109/tvlsi.2021.3110744,,,crossref,pending,not yet processed
,,,crossref,pending,not yet processed
10.1109/drc.2014.6872318,,,crossref,pending,not yet processed
10.1587/elex.9.908,,,crossref,pending,not yet processed
10.7567/apex.7.083001,,,crossref,pending,not yet processed
10.1038/srep12785,,,crossref,pending,not yet processed
10.1109/iolts50870.2020.9159712,,,crossref,pending,not yet processed
,Present and future non-volatile memories for space,2010,crossref,pending,not yet processed
10.1109/tvlsi.2018.2823274,,,crossref,pending,not yet processed
10.1145/3061639.3062249,,,crossref,pending,not yet processed
10.1080/02564602.2019.1629341,,,crossref,pending,not yet processed
10.1109/led.2012.2199734,,,crossref,pending,not yet processed
10.1145/2934583.2934614,,,crossref,pending,not yet processed
10.1038/s41467-017-00869-x,,,crossref,pending,not yet processed
,Security vulnerabilities of emerging nonvolatile main memories and countermeasures,2014,crossref,pending,not yet processed
10.3390/jlpea11040038,,,crossref,pending,not yet processed
10.1109/iccd.2017.14,,,crossref,pending,not yet processed
10.3390/jlpea11010005,,,crossref,pending,not yet processed
10.1109/iccd.2018.00021,,,crossref,pending,not yet processed
10.1145/3214292.3214302,,,crossref,pending,not yet processed
10.1145/3218603.3218649,,,crossref,pending,not yet processed
10.3390/jlpea11040036,,,crossref,pending,not yet processed
10.23919/date.2019.8714843,,,crossref,pending,not yet processed
,Physical unclonable functions using ferroelectric tunnel junctions,2021,crossref,pending,not yet processed
10.7873/date.2013.096,,,crossref,pending,not yet processed
10.1109/lca.2019.2952111,,,crossref,pending,not yet processed
10.1109/ted.2023.3289477,,,crossref,pending,not yet processed
10.1109/hst.2018.8383895,,,crossref,pending,not yet processed
,,2017,crossref,pending,not yet processed
10.1109/hst.2009.5225058,,,crossref,pending,not yet processed
10.1109/tvlsi.2005.859470,Extracting secret keys from integrated circuits,2005,crossref,pending,not yet processed
10.1109/iedm19573.2019.8993486,,,crossref,pending,not yet processed
10.1109/tcsi.2018.2811643,,,crossref,pending,not yet processed
10.1109/nano.2018.8626347,,,crossref,pending,not yet processed
10.1145/3316781.3324890,,,crossref,pending,not yet processed
10.1109/tmag.2014.2325646,,,crossref,pending,not yet processed
10.1109/jetcas.2015.2435532,,,crossref,pending,not yet processed
10.1186/1556-276x-9-526,,,crossref,pending,not yet processed
10.23919/date48585.2020.9116471,,,crossref,pending,not yet processed
10.1007/978-981-13-8379-3_3,,,crossref,pending,not yet processed
10.1109/newcas.2015.7182089,,,crossref,pending,not yet processed
10.1109/hpca53966.2022.00073,,,crossref,pending,not yet processed
10.1109/dsd51259.2020.00047,,,crossref,pending,not yet processed
10.1109/ted.2017.2673867,,,crossref,pending,not yet processed
10.1007/978-3-642-21599-5_14,,,crossref,pending,not yet processed
10.23919/date.2017.7927058,,,crossref,pending,not yet processed
10.1002/aelm.202100536,,,crossref,pending,not yet processed
,True random number generation using latency variations of FRAM,2020,crossref,pending,not yet processed
10.1109/ted.2018.2792436,,,crossref,pending,not yet processed
10.1145/2744769.2744892,,,crossref,pending,not yet processed
10.1109/ted.2020.2968272,,,crossref,pending,not yet processed
10.5555/2971808.2972024,,,crossref,pending,not yet processed
10.46586/tches.v2024.i2.88-129,,,crossref,pending,not yet processed
10.1109/naecon.2017.8268798,,,crossref,pending,not yet processed
10.1109/vts.2016.7477293,,,crossref,pending,not yet processed
10.23919/date.2017.7927152,,,crossref,pending,not yet processed
10.1109/tmag.2018.2799856,,,crossref,pending,not yet processed
10.1007/11545262_25,,,crossref,pending,not yet processed
,,2010,crossref,pending,not yet processed
,It’s getting hot in here: Hardware security implications of thermal crosstalk on ReRAMs,2024,crossref,pending,not yet processed
10.23919/date54114.2022.9774651,,,crossref,pending,not yet processed
10.1109/tmscs.2018.2885758,,,crossref,pending,not yet processed
10.1109/idt.2014.7038588,,,crossref,pending,not yet processed
10.7873/date.2015.0505,,,crossref,pending,not yet processed
10.1109/vts.2016.7477292,,,crossref,pending,not yet processed
10.1109/newcas50681.2021.9462773,,,crossref,pending,not yet processed
10.1038/s41586-022-04992-8,,,crossref,pending,not yet processed
10.1109/icce.2019.8662100,,,crossref,pending,not yet processed
10.1109/sp.2012.12,,,crossref,pending,not yet processed
10.1109/iedm.2016.7838349,,,crossref,pending,not yet processed
10.23919/date56975.2023.10136984,,,crossref,pending,not yet processed
10.1109/isscc.2018.8310218,,,crossref,pending,not yet processed
10.1145/2611765.2611770,,,crossref,pending,not yet processed
,,2021,crossref,pending,not yet processed
10.1016/j.microrel.2023.115167,,,crossref,pending,not yet processed
,A survey on true random number generators based on chaos,2019,crossref,pending,not yet processed
10.1109/iedm.2016.7838429,,,crossref,pending,not yet processed
10.1039/d4na00158c,,,crossref,pending,not yet processed
,,2014,crossref,pending,not yet processed
10.1109/iscas.2013.6572128,,,crossref,pending,not yet processed
10.1109/tcad.2005.862745,,,crossref,pending,not yet processed
10.1587/transfun.e92.a.3229,,,crossref,pending,not yet processed
,,2004,crossref,pending,not yet processed
10.1587/transfun.e93.a.2481,,,crossref,pending,not yet processed
10.1007/978-3-030-15334-2,,,crossref,pending,not yet processed
10.1109/hst.2015.7140252,,,crossref,pending,not yet processed
10.1145/3287624.3287693,,,crossref,pending,not yet processed
10.23919/date48585.2020.9116197,,,crossref,pending,not yet processed
10.1109/ivsw.2018.8494852,,,crossref,pending,not yet processed
10.1109/tcad.2018.2818722,,,crossref,pending,not yet processed
10.1109/tvlsi.2018.2797019,,,crossref,pending,not yet processed
10.1109/iccad45719.2019.8942047,,,crossref,pending,not yet processed
10.1145/3386263.3407655,,,crossref,pending,not yet processed
10.1109/tcad.2020.3029133,,,crossref,pending,not yet processed
,,,crossref,pending,not yet processed
,,2011,crossref,pending,not yet processed
10.1109/vts.2016.7477293,,,crossref,pending,not yet processed
10.1109/hpca.2017.10,,,crossref,pending,not yet processed
10.1109/access.2019.2925237,,,crossref,pending,not yet processed
10.1109/tcad.2007.906483,,,crossref,pending,not yet processed
,,2008,crossref,pending,not yet processed
10.1007/978-3-319-03515-4_6,,,crossref,pending,not yet processed
10.1007/978-3-319-13039-2_11,,,crossref,pending,not yet processed
10.1109/isocc.2012.6407063,,,crossref,pending,not yet processed
,,2018,crossref,pending,not yet processed
10.1109/tcad.2017.2772817,,,crossref,pending,not yet processed
10.1109/olt.2004.1319691,,,crossref,pending,not yet processed
10.1109/vts.2006.7,,,crossref,pending,not yet processed
,,2009,crossref,pending,not yet processed
10.1109/ats.2011.85,,,crossref,pending,not yet processed
10.1109/tdsc.2007.70215,,,crossref,pending,not yet processed
10.1109/prdc.2013.47,,,crossref,pending,not yet processed
10.1016/j.vlsi.2016.10.011,,,crossref,pending,not yet processed
10.1109/apccas.2012.6419106,,,crossref,pending,not yet processed
10.1109/tcsii.2019.2915606,,,crossref,pending,not yet processed
10.1007/978-3-662-53140-2_7,,,crossref,pending,not yet processed
10.1145/3133956.3133985,,,crossref,pending,not yet processed
10.1109/tcad.2020.2968898,,,crossref,pending,not yet processed
10.1109/tifs.2021.3059271,,,crossref,pending,not yet processed
10.1109/tifs.2022.3207361,,,crossref,pending,not yet processed
10.1109/access.2019.2898447,,,crossref,pending,not yet processed
10.1109/tsmc.2020.3036879,,,crossref,pending,not yet processed
10.1109/tifs.2023.3265815,,,crossref,pending,not yet processed
10.1109/tcad.2020.2979458,,,crossref,pending,not yet processed
,,2018,crossref,pending,not yet processed
,,,crossref,pending,not yet processed
10.1109/access.2021.3097348,,,crossref,pending,not yet processed
10.1109/ets54262.2022.9810399,,,crossref,pending,not yet processed
10.1109/isqed48828.2020.9136991,,,crossref,pending,not yet processed
,SeqL+: Secure scan-obfuscation with theoretical and empirical validation,2022,crossref,pending,not yet processed
,,,crossref,pending,not yet processed
10.1186/s40537-017-0110-7,,,crossref,pending,not yet processed
10.1007/s10270-021-00909-7,,,crossref,pending,not yet processed
,"Advances in Stakeholder-Centric Product Lifecycle Management for Complex, Multi-Stakeholder Energy Program Ecosystems",2021,crossref,pending,not yet processed
10.5772/intechopen.68471,,,crossref,pending,not yet processed
10.1016/j.scs.2020.102328,,,crossref,pending,not yet processed
10.3390/jpm13060951,,,crossref,pending,not yet processed
10.7759/cureus.45255,,,crossref,pending,not yet processed
10.1186/s12912-023-01474-8,,,crossref,pending,not yet processed
10.5888/pcd15.180128,,,crossref,pending,not yet processed
10.1016/j.techfore.2021.120766,,,crossref,pending,not yet processed
10.1109/access.2017.2775180,,,crossref,pending,not yet processed
10.1186/s12913-021-06628-5,,,crossref,pending,not yet processed
10.1186/s40294-017-0043-1,,,crossref,pending,not yet processed
10.1186/s12960-015-0055-x,,,crossref,pending,not yet processed
10.1007/978-3-031-02235-7_10,,,crossref,pending,not yet processed
10.1016/j.mnl.2022.06.009,,,crossref,pending,not yet processed
10.1093/tbm/ibaa079,,,crossref,pending,not yet processed
10.1016/j.csi.2018.04.001,,,crossref,pending,not yet processed
10.1016/j.ijmedinf.2018.12.001,,,crossref,pending,not yet processed
10.1016/j.infsof.2014.07.009,,,crossref,pending,not yet processed
10.15265/iy-2016-014,,,crossref,pending,not yet processed
10.7861/futurehosp.2-1-50,,,crossref,pending,not yet processed
10.1257/jep.36.3.29,,,crossref,pending,not yet processed
10.1186/s12913-024-11481-3,,,crossref,pending,not yet processed
,,2024,crossref,pending,not yet processed
,,2023,crossref,pending,not yet processed
10.1145/3631419,,,crossref,pending,not yet processed
10.1080/09537287.2017.1350767,,,crossref,pending,not yet processed
10.1097/mjt.0b013e31825e3a80,,,crossref,pending,not yet processed
10.2752/175630615x14212498964312,,,crossref,pending,not yet processed
10.1080/07421222.2021.1870382,,,crossref,pending,not yet processed
10.1177/19375867211063481,,,crossref,pending,not yet processed
,,2014,crossref,pending,not yet processed
10.3390/s19020326,,,crossref,pending,not yet processed
10.1016/j.techfore.2014.08.002,,,crossref,pending,not yet processed
10.1016/j.iccn.2015.07.001,,,crossref,pending,not yet processed
10.1287/isre.1040.0021,,,crossref,pending,not yet processed
10.1007/s10606-012-9168-0,,,crossref,pending,not yet processed
10.21203/rs.3.rs-4438077/v1,,,crossref,pending,not yet processed
10.1111/j.1475-6773.2008.00904.x,,,crossref,pending,not yet processed
10.2196/28102,,,crossref,pending,not yet processed
10.1057/jit.2009.19,,,crossref,pending,not yet processed
10.1080/19322909.2012.702612,,,crossref,pending,not yet processed
10.2307/j.ctvc77hhj,,,crossref,pending,not yet processed
10.1038/s41591-018-0307-0,,,crossref,pending,not yet processed
,,,crossref,pending,not yet processed
10.17705/1cais.03020,,,crossref,pending,not yet processed
10.1016/j.techsoc.2020.101488,,,crossref,pending,not yet processed
10.1109/access.2019.2942846,,,crossref,pending,not yet processed
10.1016/j.ijmedinf.2021.104680,,,crossref,pending,not yet processed
10.1186/s12913-025-12414-4,,,crossref,pending,not yet processed
10.1016/j.autcon.2019.01.023,,,crossref,pending,not yet processed
10.1109/jproc.2018.2856932,,,crossref,pending,not yet processed
,,,crossref,pending,not yet processed
10.1007/s12551-023-01138-6,,,crossref,pending,not yet processed
10.3390/s120911435,,,crossref,pending,not yet processed
10.2196/20135,,,crossref,pending,not yet processed
10.3934/bioeng.2024018,,,crossref,pending,not yet processed
,,2015,crossref,pending,not yet processed
10.1097/phm.0b013e3181d8ceb2,,,crossref,pending,not yet processed
10.1007/s11606-023-08500-0,,,crossref,pending,not yet processed
,Service design and change of systems: Human-centered approaches to implementing and spreading service design,2011,crossref,pending,not yet processed
10.1097/cnq.0000000000000087,,,crossref,pending,not yet processed
10.1016/j.future.2019.03.014,,,crossref,pending,not yet processed
,,2023,crossref,pending,not yet processed
10.3390/bioengineering11040337,,,crossref,pending,not yet processed
10.1155/2019/1927495,,,crossref,pending,not yet processed
10.1093/intqhc/mzaa127,,,crossref,pending,not yet processed
,,2016,crossref,pending,not yet processed
10.1093/jamia/ocz231,,,crossref,pending,not yet processed
,,2025,crossref,pending,not yet processed
10.1016/j.tele.2019.101283,,,crossref,pending,not yet processed
10.1007/978-3-030-87273-1_1,,,crossref,pending,not yet processed
,,2013,crossref,pending,not yet processed
10.3390/ai5040095,,,crossref,pending,not yet processed
,,1981,crossref,pending,not yet processed
10.1177/0018720810376055,,,crossref,pending,not yet processed
10.1108/josm-11-2019-0332,,,crossref,pending,not yet processed
10.1197/jamia.m1061,,,crossref,pending,not yet processed
,,,crossref,pending,not yet processed
10.1177/0170840619868268,,,crossref,pending,not yet processed
,,2016,crossref,pending,not yet processed
10.1007/s43681-025-00825-2,,,crossref,pending,not yet processed
,,2022,crossref,pending,not yet processed
,,,crossref,pending,not yet processed
,,,crossref,pending,not yet processed
,,2024,crossref,pending,not yet processed
10.1371/journal.pone.0212356,,,crossref,pending,not yet processed
,,2013,crossref,pending,not yet processed
10.1109/mcom.001.2200318,,,crossref,pending,not yet processed
,,,crossref,pending,not yet processed
10.1136/qshc.2010.045849,,,crossref,pending,not yet processed
10.1145/3631427,,,crossref,pending,not yet processed
,,2023,crossref,pending,not yet processed
,,2009,crossref,pending,not yet processed
,,2009,crossref,pending,not yet processed
,,2015,crossref,pending,not yet processed
,The learl1ed nonuse phenomenon: implications for rehabilitation,2006,crossref,pending,not yet processed
10.1145/3650116,,,crossref,pending,not yet processed
10.3390/smartcities2030027,,,crossref,pending,not yet processed
10.1016/j.eti.2021.101527,,,crossref,pending,not yet processed
10.1093/jamiaopen/ooaa013,,,crossref,pending,not yet processed
10.2196/27571,,,crossref,pending,not yet processed
10.1177/1460458218796608,,,crossref,pending,not yet processed
10.1016/j.ijnurstu.2019.03.003,,,crossref,pending,not yet processed
,,,crossref,pending,not yet processed
10.15265/iy-2016-036,,,crossref,pending,not yet processed
10.1016/j.socscimed.2021.114419,,,crossref,pending,not yet processed
10.1145/2628363.2628381,,,crossref,pending,not yet processed
,,,crossref,pending,not yet processed
10.1145/3461778.3462060,,,crossref,pending,not yet processed
10.1080/14626268.2013.767276,,,crossref,pending,not yet processed
10.65109/kczb5817,,,crossref,pending,not yet processed
10.1089/soro.2017.0032,,,crossref,pending,not yet processed
10.1145/3563657.3595972,,,crossref,pending,not yet processed
,,,crossref,pending,not yet processed
10.5898/jhri.3.1.auger,,,crossref,pending,not yet processed
10.1080/02690055.2013.826885,,,crossref,pending,not yet processed
10.1145/3430524.3442470,,,crossref,pending,not yet processed
10.1191/1478088706qp063oa,,,crossref,pending,not yet processed
10.1080/14780887.2020.1769238,,,crossref,pending,not yet processed
10.3389/fcomp.2023.1113903,,,crossref,pending,not yet processed
10.1145/3544548.3581165,,,crossref,pending,not yet processed
10.1016/j.futures.2023.103242,,,crossref,pending,not yet processed
,Deep reinforcement learning from human preferences,2017,crossref,pending,not yet processed
,“It brings the good vibes”: Exploring biomorphic aesthetics in the design of soft personal robots,2023,crossref,pending,not yet processed
,Ex silico: Soft biomorphs,2024,crossref,pending,not yet processed
10.1145/3322276.3322291,,,crossref,pending,not yet processed
10.1007/s40167-016-0044-5,,,crossref,pending,not yet processed
10.1177/1097184x17696363,,,crossref,pending,not yet processed
10.1145/2858036.2858192,,,crossref,pending,not yet processed
10.7551/mitpress/8732.003.0007,,,crossref,pending,not yet processed
10.2217/pme-2018-0044,,,crossref,pending,not yet processed
,,2024,crossref,pending,not yet processed
,,,crossref,pending,not yet processed
10.1007/s00170-015-7085-3,,,crossref,pending,not yet processed
10.1080/10911359.2019.1579149,,,crossref,pending,not yet processed
10.1007/978-3-031-06394-7_38,,,crossref,pending,not yet processed
10.1007/s10551-022-05047-8,,,crossref,pending,not yet processed
10.1145/3613905.3650870,,,crossref,pending,not yet processed
10.21606/drs.2016.373,,,crossref,pending,not yet processed
10.1080/10630732.2014.971525,,,crossref,pending,not yet processed
10.4324/9781315526379-8,,,crossref,pending,not yet processed
10.1007/978-3-031-35385-7_17,,,crossref,pending,not yet processed
10.1145/3616961.3617810,,,crossref,pending,not yet processed
,Exploring computational materials as fashion materials: Recommendations for designing fashionable wearables,2018,crossref,pending,not yet processed
,,,crossref,pending,not yet processed
10.1177/0018720811417254,,,crossref,pending,not yet processed
10.1145/3613904.3642402,,,crossref,pending,not yet processed
10.1145/3411764.3445723,,,crossref,pending,not yet processed
,,,crossref,pending,not yet processed
10.1145/3623509.3633384,,,crossref,pending,not yet processed
10.1007/978-3-031-48057-7_24,,,crossref,pending,not yet processed
,,,crossref,pending,not yet processed
,"Wearable technologies: Between fashion, art, performance, and science (fiction)",2019,crossref,pending,not yet processed
10.1145/642611.642616,,,crossref,pending,not yet processed
,,,crossref,pending,not yet processed
10.1145/3173574.3173946,,,crossref,pending,not yet processed
10.1080/10447318.2023.2269007,,,crossref,pending,not yet processed
,,,crossref,pending,not yet processed
10.1177/1461444819894304,,,crossref,pending,not yet processed
10.1007/978-3-030-24564-1_6,,,crossref,pending,not yet processed
10.1007/s12369-021-00761-1,,,crossref,pending,not yet processed
,,2018,crossref,pending,not yet processed
10.1145/3570211.3570216,,,crossref,pending,not yet processed
10.1145/3706598.3713326,,,crossref,pending,not yet processed
10.5502/ijw.v10i2.855,,,crossref,pending,not yet processed
10.1145/3610978.3641089,,,crossref,pending,not yet processed
10.1126/scirobotics.aah3690,,,crossref,pending,not yet processed
10.31274/itaa.8218,,,crossref,pending,not yet processed
10.1177/0265407517706419,,,crossref,pending,not yet processed
10.1098/rsbl.2023.0407,,,crossref,pending,not yet processed
,,,crossref,pending,not yet processed
,,,crossref,pending,not yet processed
,,,crossref,pending,not yet processed
10.1145/3411764.3445610,,,crossref,pending,not yet processed
10.1109/mra.2012.2192811,,,crossref,pending,not yet processed
,,,crossref,pending,not yet processed
10.1145/3325424.3329664,,,crossref,pending,not yet processed
10.1016/j.comnet.2021.108074,,,crossref,pending,not yet processed
10.1109/icorr.2017.8009488,,,crossref,pending,not yet processed
,,,crossref,pending,not yet processed
10.1145/3706598.3714168,,,crossref,pending,not yet processed
10.1145/2366316.2366335,,,crossref,pending,not yet processed
10.1109/aero47225.2020.9172373,,,crossref,pending,not yet processed
10.1109/robosoft54090.2022.9762121,,,crossref,pending,not yet processed
,,,crossref,pending,not yet processed
10.3389/fvets.2020.590867,,,crossref,pending,not yet processed
10.1145/3715336.3735794,,,crossref,pending,not yet processed
10.1109/mra.2016.2588018,,,crossref,pending,not yet processed
10.1016/j.tree.2007.01.005,,,crossref,pending,not yet processed
10.1145/3623509.3633349,,,crossref,pending,not yet processed
10.1145/3689050.3706069,,,crossref,pending,not yet processed
10.1007/978-3-030-80829-7_20,,,crossref,pending,not yet processed
10.3390/ani12111338,,,crossref,pending,not yet processed
10.1145/3363384.3363486,,,crossref,pending,not yet processed
10.3390/s23010432,,,crossref,pending,not yet processed
10.1215/9780822385806,,,crossref,pending,not yet processed
10.1145/3357236.3395577,,,crossref,pending,not yet processed
10.1007/s43681-023-00272-x,,,crossref,pending,not yet processed
10.1017/9781316662229.008,,,crossref,pending,not yet processed
10.52842/conf.caadria.2021.1.713,,,crossref,pending,not yet processed
10.1140/epjds/s13688-024-00462-5,,,crossref,pending,not yet processed
10.1177/1357034x211058782,,,crossref,pending,not yet processed
,,,crossref,pending,not yet processed
10.1080/09540091.2017.1313816,,,crossref,pending,not yet processed
10.1145/3411764.3445299,,,crossref,pending,not yet processed
,,2021,crossref,pending,not yet processed
10.1145/3123024.3123161,,,crossref,pending,not yet processed
10.1109/jproc.2021.3140049,,,crossref,pending,not yet processed
10.1016/j.dcan.2024.02.007,,,crossref,pending,not yet processed
10.1016/j.compeleceng.2023.108847,,,crossref,pending,not yet processed
10.1007/978-981-97-0052-3_19,,,crossref,pending,not yet processed
10.1016/j.comcom.2023.06.020,,,crossref,pending,not yet processed
10.1007/978-3-031-81673-4_3,,,crossref,pending,not yet processed
10.1109/tmc.2025.3526076,,,crossref,pending,not yet processed
10.1109/tit.1983.1056650,,,crossref,pending,not yet processed
10.1007/3-540-46035-7_22,,,crossref,pending,not yet processed
10.1109/jiot.2024.3355228,,,crossref,pending,not yet processed
10.1109/tsc.2023.3257569,,,crossref,pending,not yet processed
10.1016/j.iot.2023.100902,,,crossref,pending,not yet processed
10.1109/tccn.2024.3358545,,,crossref,pending,not yet processed
10.1016/j.autcon.2023.104827,,,crossref,pending,not yet processed
10.1145/3703625,,,crossref,pending,not yet processed
10.1016/j.comnet.2024.110695,,,crossref,pending,not yet processed
10.1109/tmc.2025.3526076,,,crossref,pending,not yet processed
10.1109/tvt.2024.3375758,,,crossref,pending,not yet processed
10.1109/tit.1983.1056650,,,crossref,pending,not yet processed
10.1109/jiot.2022.3219233,,,crossref,pending,not yet processed
10.1007/s42979-023-02220-2,,,crossref,pending,not yet processed
10.1016/j.comcom.2024.107971,,,crossref,pending,not yet processed
10.1016/j.compag.2024.109501,,,crossref,pending,not yet processed
10.1016/j.autcon.2025.106101,,,crossref,pending,not yet processed
10.1016/j.comnet.2023.110136,,,crossref,pending,not yet processed
10.1137/s0097539795293172,,,crossref,pending,not yet processed
10.1103/physrevlett.79.325,,,crossref,pending,not yet processed
10.1016/j.vehcom.2022.100552,,,crossref,pending,not yet processed
10.1016/j.comcom.2020.03.009,,,crossref,pending,not yet processed
10.3390/electronics12132917,,,crossref,pending,not yet processed
10.1109/jiot.2020.3049003,,,crossref,pending,not yet processed
10.1109/access.2021.3070683,,,crossref,pending,not yet processed
10.1109/nana53684.2021.00068,,,crossref,pending,not yet processed
10.1109/icct52962.2021.9658014,,,crossref,pending,not yet processed
10.1109/iccc56324.2022.10065747,,,crossref,pending,not yet processed
10.1109/nana63151.2024.00012,,,crossref,pending,not yet processed
10.1109/tvt.2024.3375758,,,crossref,pending,not yet processed
10.1109/tnsm.2023.3341829,,,crossref,pending,not yet processed
10.1109/access.2022.3204793,,,crossref,pending,not yet processed
10.3390/drones8080359,,,crossref,pending,not yet processed
10.3390/electronics14122435,,,crossref,pending,not yet processed
10.1109/tit.1983.1056650,,,crossref,pending,not yet processed
10.1007/3-540-46035-7_22,,,crossref,pending,not yet processed
,,,crossref,pending,not yet processed
,,,crossref,pending,not yet processed
,,,crossref,pending,not yet processed
,,2015,crossref,pending,not yet processed
10.1109/tifs.2017.2658544,,,crossref,pending,not yet processed
,,2022,crossref,pending,not yet processed
,,2014,crossref,pending,not yet processed
,,2016,crossref,pending,not yet processed
,,,crossref,pending,not yet processed
10.1109/tvlsi.2022.3141326,,,crossref,pending,not yet processed
,,2018,crossref,pending,not yet processed
10.1109/iccs56666.2022.9936234,,2022,crossref,pending,not yet processed
10.1145/3132747.3132782,,2017,crossref,pending,not yet processed
,,2002,crossref,pending,not yet processed
,,,crossref,pending,not yet processed
,,2019,crossref,pending,not yet processed
,,2016,crossref,pending,not yet processed
,,2015,crossref,pending,not yet processed
,,,crossref,pending,not yet processed
,,2015,crossref,pending,not yet processed
,,2020,crossref,pending,not yet processed
,,2014,crossref,pending,not yet processed
10.1007/3-540-45496-9_7,,2001,crossref,pending,not yet processed
10.1145/2590296.2590337,,2014,crossref,pending,not yet processed
,,,crossref,pending,not yet processed
10.1109/tcad.2020.2981034,,,crossref,pending,not yet processed
,,2015,crossref,pending,not yet processed
10.1109/tvlsi.2023.3307027,,,crossref,pending,not yet processed
,,2020,crossref,pending,not yet processed
,,2017,crossref,pending,not yet processed
,,2015,crossref,pending,not yet processed
,,,crossref,pending,not yet processed
10.1109/tsc.2015.2392099,,,crossref,pending,not yet processed
,,2023,crossref,pending,not yet processed
,,2003,crossref,pending,not yet processed
10.3390/cryptography6020019,,,crossref,pending,not yet processed
,,2024,crossref,pending,not yet processed
,,,crossref,pending,not yet processed
,,,crossref,pending,not yet processed
10.1109/tc.2014.2360535,,,crossref,pending,not yet processed
,,2017,crossref,pending,not yet processed
,,2011,crossref,pending,not yet processed
10.1109/access.2021.3088991,,,crossref,pending,not yet processed
,,2012,crossref,pending,not yet processed
10.1016/j.jdeveco.2023.103108,,,crossref,pending,not yet processed
10.4236/jcc.2021.95003,,,crossref,pending,not yet processed
10.1038/s44271-024-00121-5,,,crossref,pending,not yet processed
10.1007/978-3-031-09680-8_25,,,crossref,pending,not yet processed
10.1080/0145935x.2021.2024758,,,crossref,pending,not yet processed
10.1038/s41562-023-01641-6,,,crossref,pending,not yet processed
10.1017/s0003055421000459,,,crossref,pending,not yet processed
10.1145/3687028,,,crossref,pending,not yet processed
10.5334/joc.91,,,crossref,pending,not yet processed
,,,crossref,pending,not yet processed
,,,crossref,pending,not yet processed
10.1145/3706598.3713254,,,crossref,pending,not yet processed
,,,crossref,pending,not yet processed
10.1038/s41598-024-76218-y,,,crossref,pending,not yet processed
10.1609/icwsm.v19i1.35821,,,crossref,pending,not yet processed
10.18653/v1/2021.acl-long.565,,,crossref,pending,not yet processed
,,2023,crossref,pending,not yet processed
,,1988,crossref,pending,not yet processed
10.1126/science.adq1814,,,crossref,pending,not yet processed
10.1177/00936502241287870,,,crossref,pending,not yet processed
10.1177/10776990211035395,,,crossref,pending,not yet processed
10.1177/1461444820925811,,,crossref,pending,not yet processed
10.1016/j.chbr.2024.100538,,,crossref,pending,not yet processed
10.37016/mr-2020-151,,,crossref,pending,not yet processed
10.1177/1940161220944364,,,crossref,pending,not yet processed
10.3758/mc.38.8.1087,,,crossref,pending,not yet processed
10.37016/mr-2020-71,,,crossref,pending,not yet processed
,,,crossref,pending,not yet processed
10.1038/s41562-023-01726-2,,,crossref,pending,not yet processed
,,2002,crossref,pending,not yet processed
,,,crossref,pending,not yet processed
10.1109/sp54263.2024.00159,,,crossref,pending,not yet processed
10.1257/089533005775196732,,,crossref,pending,not yet processed
10.1093/pnasnexus/pgag008,,,crossref,pending,not yet processed
10.1140/epjds/s13688-023-00414-5,,,crossref,pending,not yet processed
10.1093/pnasnexus/pgae034,,,crossref,pending,not yet processed
,,,crossref,pending,not yet processed
10.1037/0022-3514.45.3.492,,,crossref,pending,not yet processed
10.1126/science.aau2706,,,crossref,pending,not yet processed
10.1073/pnas.2110013119,,,crossref,pending,not yet processed
10.1038/s41467-024-51998-z,,,crossref,pending,not yet processed
10.1073/pnas.1920498117,,,crossref,pending,not yet processed
10.1186/s41235-025-00648-z,,,crossref,pending,not yet processed
10.1177/08903344231195625,,,crossref,pending,not yet processed
10.1109/hicss.2014.377,,,crossref,pending,not yet processed
10.1080/10584609.2019.1674979,,,crossref,pending,not yet processed
10.1089/cyber.2021.29208.jth,,,crossref,pending,not yet processed
10.1145/3613904.3642264,,,crossref,pending,not yet processed
10.3102/003465430298487,,,crossref,pending,not yet processed
10.1038/s41562-024-01884-x,,,crossref,pending,not yet processed
10.1186/s41235-023-00505-x,,,crossref,pending,not yet processed
10.1177/00936502241288103,,,crossref,pending,not yet processed
10.1089/cyber.2020.0174,,,crossref,pending,not yet processed
10.1145/3290605.3300469,,,crossref,pending,not yet processed
10.1073/pnas.2208839120,,,crossref,pending,not yet processed
10.1111/j.1460-2466.2012.01643.x,,,crossref,pending,not yet processed
,,,crossref,pending,not yet processed
10.1037/0033-2909.114.1.3,,,crossref,pending,not yet processed
,,,crossref,pending,not yet processed
10.1145/3170427.3188604,,,crossref,pending,not yet processed
,,,crossref,pending,not yet processed
10.1016/j.chb.2020.106553,,,crossref,pending,not yet processed
,,,crossref,pending,not yet processed
10.1038/s41562-024-01881-0,,,crossref,pending,not yet processed
10.1126/science.adu2100,,,crossref,pending,not yet processed
10.1057/s41304-024-00482-9,,,crossref,pending,not yet processed
10.1177/2515245918770963,,,crossref,pending,not yet processed
10.1177/14614448241227841,,,crossref,pending,not yet processed
10.1145/3313831.3376727,,,crossref,pending,not yet processed
10.1145/3706599.3719844,,,crossref,pending,not yet processed
10.1038/s41467-025-57205-x,,,crossref,pending,not yet processed
10.1016/j.caeo.2024.100176,,,crossref,pending,not yet processed
10.1016/s0079-7421(02)80005-6,,,crossref,pending,not yet processed
,,,crossref,pending,not yet processed
10.1145/3425780,,,crossref,pending,not yet processed
10.1002/acp.857,,,crossref,pending,not yet processed
10.1038/s41598-022-08437-0,,,crossref,pending,not yet processed
10.1037/0022-0663.91.2.358,,,crossref,pending,not yet processed
10.1080/09658211.2017.1364393,,,crossref,pending,not yet processed
10.1016/0010-0285(75)90019-5,,,crossref,pending,not yet processed
10.1073/pnas.2120481119,,,crossref,pending,not yet processed
10.1017/mem.2022.8,,,crossref,pending,not yet processed
10.3758/s13414-019-01773-w,,,crossref,pending,not yet processed
10.1186/s41235-017-0067-2,,,crossref,pending,not yet processed
10.1037/pag0000682,,,crossref,pending,not yet processed
10.1007/s11135-006-9018-6,,,crossref,pending,not yet processed
,,,crossref,pending,not yet processed
10.1093/acprof:oso/9780195066661.001.0001,,,crossref,pending,not yet processed
10.1038/s41598-022-09168-y,,,crossref,pending,not yet processed
10.1038/s41586-021-03344-2,,,crossref,pending,not yet processed
10.1177/0956797620939054,,,crossref,pending,not yet processed
10.1016/j.cognition.2018.06.011,,,crossref,pending,not yet processed
10.1016/j.tics.2021.02.007,,,crossref,pending,not yet processed
10.1038/s41467-022-30073-5,,,crossref,pending,not yet processed
10.1093/jcmc/zmac024,,,crossref,pending,not yet processed
10.1111/j.1467-9280.1997.tb00427.x,,,crossref,pending,not yet processed
10.1080/13600869.2024.2324540,,,crossref,pending,not yet processed
10.1177/09567976211024535,,,crossref,pending,not yet processed
10.1017/s1930297500003570,,,crossref,pending,not yet processed
10.1057/s41599-019-0279-9,,,crossref,pending,not yet processed
10.1145/3567558,,,crossref,pending,not yet processed
10.1109/cvpr52688.2022.01816,,,crossref,pending,not yet processed
10.1068/p281059,,,crossref,pending,not yet processed
10.1038/s41562-023-01736-0,,,crossref,pending,not yet processed
10.1126/sciadv.adh1850,,,crossref,pending,not yet processed
10.1145/3038912.3052718,,,crossref,pending,not yet processed
10.1016/b978-0-12-387691-1.00002-8,,,crossref,pending,not yet processed
10.54501/jots.v1i2.28,,,crossref,pending,not yet processed
10.1177/2056305120903408,,,crossref,pending,not yet processed
10.1126/science.aap9559,,,crossref,pending,not yet processed
10.1145/3600211.3604715,,,crossref,pending,not yet processed
10.1109/icatc64549.2024.11025231,,,crossref,pending,not yet processed
,,,crossref,pending,not yet processed
10.1145/3544548.3581318,,,crossref,pending,not yet processed
10.1111/j.1475-1313.2006.00418.x,,,crossref,pending,not yet processed
10.1145/3549529,,,crossref,pending,not yet processed
10.22374/jspv.v6isp1.16,,,crossref,pending,not yet processed
10.1109/tvcg.2022.3203103,,,crossref,pending,not yet processed
10.22599/bioj.396,,,crossref,pending,not yet processed
,,,crossref,pending,not yet processed
10.1080/10447318.2020.1778351,,,crossref,pending,not yet processed
10.2147/rmhp.s467570,,,crossref,pending,not yet processed
10.1016/0042-6989(73)90034-5,,,crossref,pending,not yet processed
10.1109/tvcg.2013.86,,,crossref,pending,not yet processed
10.1016/j.jclinepi.2015.01.015,,,crossref,pending,not yet processed
10.1167/12.2.9,,,crossref,pending,not yet processed
10.1177/001872088302500605,,,crossref,pending,not yet processed
10.1109/vr.2001.913791,,,crossref,pending,not yet processed
,,,crossref,pending,not yet processed
10.1109/vrw50115.2020.00243,,,crossref,pending,not yet processed
10.1136/bjo.35.7.381,,,crossref,pending,not yet processed
10.1145/3411764.3445151,,,crossref,pending,not yet processed
10.1109/ismar.2019.00019,,,crossref,pending,not yet processed
10.1016/s0166-4115(08)62386-9,,,crossref,pending,not yet processed
10.1145/3411764.3445361,,,crossref,pending,not yet processed
10.1145/3492802,,,crossref,pending,not yet processed
10.1016/j.displa.2021.102105,,,crossref,pending,not yet processed
10.1371/journal.pone.0085560,,,crossref,pending,not yet processed
10.1207/s15327108ijap0303_3,,,crossref,pending,not yet processed
10.1111/cgf.13654,,,crossref,pending,not yet processed
10.1007/s10648-023-09738-0,,,crossref,pending,not yet processed
10.7717/peerj.7050,,,crossref,pending,not yet processed
10.1145/3611659.3615702,,,crossref,pending,not yet processed
10.1145/3706598.3714249,,,crossref,pending,not yet processed
10.1145/3658230,,,crossref,pending,not yet processed
10.1145/3675094.3678474,,,crossref,pending,not yet processed
10.1016/0042-6989(81)90095-x,,,crossref,pending,not yet processed
10.1145/3290605.3300794,,,crossref,pending,not yet processed
10.1016/0042-6989(85)90160-9,,,crossref,pending,not yet processed
10.1016/j.gaitpost.2011.01.016,,,crossref,pending,not yet processed
10.3389/fnint.2014.00052,,,crossref,pending,not yet processed
10.1016/j.displa.2023.102415,,,crossref,pending,not yet processed
,,2012,crossref,pending,not yet processed
10.1126/science.278.5343.1616,,,crossref,pending,not yet processed
10.1007/bf00363977,,,crossref,pending,not yet processed
10.1111/j.1475-1313.2011.00834.x,,,crossref,pending,not yet processed
10.1145/3411764.3445606,,,crossref,pending,not yet processed
10.1097/opx.0b013e31822f4d7c,,,crossref,pending,not yet processed
,,2014,crossref,pending,not yet processed
10.1016/j.compedu.2022.104681,,,crossref,pending,not yet processed
10.1136/bmjophth-2018-000146,,,crossref,pending,not yet processed
10.1145/3313831.3376794,,,crossref,pending,not yet processed
10.1145/3290605.3300843,,,crossref,pending,not yet processed
10.1145/3361218,,,crossref,pending,not yet processed
10.1146/annurev.ne.15.030192.001123,,,crossref,pending,not yet processed
10.1080/10447318.2021.1976509,,,crossref,pending,not yet processed
10.1111/j.1475-1313.2006.00364.x,,,crossref,pending,not yet processed
,,2017,crossref,pending,not yet processed
10.1145/3290605.3300694,,,crossref,pending,not yet processed
10.4172/2161-0673.1000112,,,crossref,pending,not yet processed
10.1109/vrw50115.2020.00099,,,crossref,pending,not yet processed
10.1111/opo.12083,,,crossref,pending,not yet processed
10.1152/physrev.1972.52.4.828,,,crossref,pending,not yet processed
10.1016/j.visres.2014.04.017,,,crossref,pending,not yet processed
10.1109/ismar62088.2024.00025,,,crossref,pending,not yet processed
10.1145/985692.985727,,,crossref,pending,not yet processed
10.5898/jhri.6.1.admoni,,,crossref,pending,not yet processed
10.1145/2157689.2157783,,,crossref,pending,not yet processed
10.1145/3025453.3026004,,,crossref,pending,not yet processed
,,2016,crossref,pending,not yet processed
10.1007/s12369-020-00692-3,,,crossref,pending,not yet processed
10.1145/1027933.1027965,,,crossref,pending,not yet processed
10.1007/s12369-009-0030-6,,,crossref,pending,not yet processed
10.4017/gt.2009.08.02.002.00,,,crossref,pending,not yet processed
10.1111/j.1468-2958.1978.tb00603.x,,,crossref,pending,not yet processed
10.4324/9781315663425,,,crossref,pending,not yet processed
10.1016/j.robot.2022.104154,,,crossref,pending,not yet processed
10.1007/s007790170019,,,crossref,pending,not yet processed
,,2017,crossref,pending,not yet processed
10.1145/3003715.3005464,,,crossref,pending,not yet processed
10.1145/3657030,,,crossref,pending,not yet processed
10.5898/jhri.2.2.fasola,,,crossref,pending,not yet processed
,,2005,crossref,pending,not yet processed
,,2011,crossref,pending,not yet processed
10.1145/764008.763957,,,crossref,pending,not yet processed
10.1016/s0921-8890(02)00372-x,,,crossref,pending,not yet processed
,,2022,crossref,pending,not yet processed
,,2024,crossref,pending,not yet processed
10.3390/app112210702,,,crossref,pending,not yet processed
10.1561/1100000005,,,crossref,pending,not yet processed
,,2016,crossref,pending,not yet processed
,,1974,crossref,pending,not yet processed
10.1145/3313831.3376676,,,crossref,pending,not yet processed
10.1145/302979.303030,,,crossref,pending,not yet processed
,,2020,crossref,pending,not yet processed
10.1145/1357054.1357070,,,crossref,pending,not yet processed
10.1162/desi.2008.24.3.72,,,crossref,pending,not yet processed
10.1145/3208975,,,crossref,pending,not yet processed
10.1145/2909824.3020224,,,crossref,pending,not yet processed
10.5555/2432453,,,crossref,pending,not yet processed
,,2004,crossref,pending,not yet processed
10.1109/hri61500.2025.10974012,,,crossref,pending,not yet processed
10.3389/frobt.2023.1062714,,,crossref,pending,not yet processed
10.1007/978-3-319-70022-9_44,,,crossref,pending,not yet processed
10.31234/osf.io/2ndzf,,,crossref,pending,not yet processed
,,,crossref,pending,not yet processed
10.1007/s12369-013-0178-y,,,crossref,pending,not yet processed
10.1016/j.jesp.2018.08.009,,,crossref,pending,not yet processed
,,2009,crossref,pending,not yet processed
,,2020,crossref,pending,not yet processed
10.1109/tvcg.2013.40,,,crossref,pending,not yet processed
10.1145/3544548.3581050,,,crossref,pending,not yet processed
10.1207/s15327051hci1701_1,,,crossref,pending,not yet processed
,,2006,crossref,pending,not yet processed
10.1145/1514095.1514109,,,crossref,pending,not yet processed
,,,crossref,pending,not yet processed
10.1145/2556288.2557008,,,crossref,pending,not yet processed
,,2016,crossref,pending,not yet processed
10.1145/2909824.3020245,,,crossref,pending,not yet processed
10.1145/3173574.3174151,,,crossref,pending,not yet processed
10.1145/3311350.3347190,,,crossref,pending,not yet processed
10.1145/1142405.1142422,,,crossref,pending,not yet processed
10.1145/3290605.3300856,,,crossref,pending,not yet processed
,,2012,crossref,pending,not yet processed
10.1145/2461912.2462007,,,crossref,pending,not yet processed
10.5555/38407,,,crossref,pending,not yet processed
,,,crossref,pending,not yet processed
10.3758/s13428-022-01814-7,,,crossref,pending,not yet processed
,,,crossref,pending,not yet processed
,,2015,crossref,pending,not yet processed
10.1145/3570169,,,crossref,pending,not yet processed
10.1109/roman.2005.1513803,,,crossref,pending,not yet processed
10.1038/scientificamerican0991-94,,,crossref,pending,not yet processed
10.1145/3290605.3300381,,,crossref,pending,not yet processed
10.1109/vr.2004.1310054,,,crossref,pending,not yet processed
10.1126/scirobotics.aar7650,,,crossref,pending,not yet processed
10.1007/s12369-010-0081-8,,,crossref,pending,not yet processed
,,,crossref,pending,not yet processed
10.52202/068431-1723,,,crossref,pending,not yet processed
10.1145/3290605.3300233,,,crossref,pending,not yet processed
,,,crossref,pending,not yet processed
,,,crossref,pending,not yet processed
10.1145/3777475,,,crossref,pending,not yet processed
,,,crossref,pending,not yet processed
10.1145/3461700,,,crossref,pending,not yet processed
10.52034/lanstts.v6i.197,,,crossref,pending,not yet processed
10.1191/1478088706qp063oa,,,crossref,pending,not yet processed
10.1007/s10209-018-0634-4,,,crossref,pending,not yet processed
10.1145/3641822.3641872,,,crossref,pending,not yet processed
10.26522/brocked.v12i2.38,,,crossref,pending,not yet processed
10.1145/3663547.3746320,,,crossref,pending,not yet processed
10.1145/3715336.3735685,,,crossref,pending,not yet processed
,,,crossref,pending,not yet processed
,,,crossref,pending,not yet processed
,,,crossref,pending,not yet processed
10.1080/10447318.2023.2171489,,,crossref,pending,not yet processed
10.1145/3707640.3731916,,,crossref,pending,not yet processed
,,,crossref,pending,not yet processed
10.1145/3746059.3747756,,,crossref,pending,not yet processed
10.4324/9781315707228,,,crossref,pending,not yet processed
10.3390/ijerph18041690,,,crossref,pending,not yet processed
,,,crossref,pending,not yet processed
10.1145/3613904.3642211,,,crossref,pending,not yet processed
10.1177/1541931213571042,,,crossref,pending,not yet processed
10.1109/cvpr52729.2023.01815,,,crossref,pending,not yet processed
10.1177/0264619620911429,,,crossref,pending,not yet processed
10.4324/9781003156819-4,,,crossref,pending,not yet processed
,,2003,crossref,pending,not yet processed
,,,crossref,pending,not yet processed
,,,crossref,pending,not yet processed
10.1145/3613904.3642238,,,crossref,pending,not yet processed
10.1145/3517428.3550394,,,crossref,pending,not yet processed
10.1145/3597638.3608381,,,crossref,pending,not yet processed
,,,crossref,pending,not yet processed
10.1145/3597638.3608425,,,crossref,pending,not yet processed
10.1109/iccv.2017.83,,,crossref,pending,not yet processed
,,,crossref,pending,not yet processed
10.1145/3441852.3471215,,,crossref,pending,not yet processed
10.1145/3512922,,,crossref,pending,not yet processed
10.1145/3663547.3746318,,,crossref,pending,not yet processed
10.1145/3706599.3720172,,,crossref,pending,not yet processed
10.1145/3491102.3517490,,,crossref,pending,not yet processed
10.1145/3663548.3675662,,,crossref,pending,not yet processed
10.1145/3544548.3580941,,,crossref,pending,not yet processed
,,,crossref,pending,not yet processed
,,,crossref,pending,not yet processed
10.1145/3613905.3650756,,,crossref,pending,not yet processed
10.1145/3708359.3712085,,,crossref,pending,not yet processed
10.1145/3544548.3580817,,,crossref,pending,not yet processed
,,,crossref,pending,not yet processed
,,,crossref,pending,not yet processed
10.1007/978-3-319-22668-2_19,,,crossref,pending,not yet processed
10.1145/3025453.3025814,,,crossref,pending,not yet processed
,,,crossref,pending,not yet processed
10.52202/075280-1328,,,crossref,pending,not yet processed
10.1145/3663548.3675617,,,crossref,pending,not yet processed
10.1145/3544548.3581023,,,crossref,pending,not yet processed
,,,crossref,pending,not yet processed
10.1145/3746059.3747650,,,crossref,pending,not yet processed
10.1145/3613904.3642632,,,crossref,pending,not yet processed
,,,crossref,pending,not yet processed
10.1145/3594806.3596542,,,crossref,pending,not yet processed
10.52202/068431-2011,,,crossref,pending,not yet processed
10.1145/3379337.3415864,,,crossref,pending,not yet processed
,,,crossref,pending,not yet processed
10.1109/vl/hcc60511.2024.00023,,,crossref,pending,not yet processed
10.1145/3640543.3645144,,,crossref,pending,not yet processed
10.1145/3706599.3719677,,,crossref,pending,not yet processed
10.1075/btl.77.18sny,,,crossref,pending,not yet processed
10.1145/3597638.3608402,,,crossref,pending,not yet processed
,,,crossref,pending,not yet processed
,,,crossref,pending,not yet processed
,,,crossref,pending,not yet processed
10.1016/j.procs.2014.02.052,,,crossref,pending,not yet processed
,,,crossref,pending,not yet processed
10.1145/3640543.3645143,,,crossref,pending,not yet processed
10.1145/3334480.3381069,,,crossref,pending,not yet processed
10.1145/3411764.3445347,,,crossref,pending,not yet processed
,,,crossref,pending,not yet processed
10.1145/3545945.3569830,,,crossref,pending,not yet processed
10.1145/3663547.3746356,,,crossref,pending,not yet processed
10.1145/3357236.3395433,,,crossref,pending,not yet processed
10.1145/3663547.3746345,,,crossref,pending,not yet processed
,,2023,crossref,pending,not yet processed
,,,crossref,pending,not yet processed
,,,crossref,pending,not yet processed
10.1145/3453892.3458044,,,crossref,pending,not yet processed
10.2139/ssrn.4479488,,,crossref,pending,not yet processed
10.1145/3706598.3714121,,,crossref,pending,not yet processed
10.1145/3472225,,,crossref,pending,not yet processed
10.1109/hri.2016.7451727,,,crossref,pending,not yet processed
10.1145/2157689.2157806,,,crossref,pending,not yet processed
10.1109/icra46639.2022.9812332,,,crossref,pending,not yet processed
10.1109/lra.2019.2894592,,,crossref,pending,not yet processed
10.1191/1478088706qp063oa,,,crossref,pending,not yet processed
10.1080/2159676x.2019.1704846,,,crossref,pending,not yet processed
10.1145/2348144.2348156,,,crossref,pending,not yet processed
10.3389/frobt.2024.1455375,,,crossref,pending,not yet processed
,,2018,crossref,pending,not yet processed
,,,crossref,pending,not yet processed
10.7748/nr.23.3.8.s3,,,crossref,pending,not yet processed
10.7748/nr.23.3.8.s3,,,crossref,pending,not yet processed
10.1145/3322276.3322311,,,crossref,pending,not yet processed
10.1145/3290605.3300581,,,crossref,pending,not yet processed
10.48550/arxiv.2010.06752,,,crossref,pending,not yet processed
,,,crossref,pending,not yet processed
10.1145/3197768.3201576,,,crossref,pending,not yet processed
,,,crossref,pending,not yet processed
10.1109/hri.2019.8673309,,,crossref,pending,not yet processed
,,,crossref,pending,not yet processed
,,,crossref,pending,not yet processed
10.1145/3610978.3641085,,,crossref,pending,not yet processed
10.1109/iros45743.2020.9341359,,,crossref,pending,not yet processed
,,2023,crossref,pending,not yet processed
10.1609/aaai.v38i16.29771,,,crossref,pending,not yet processed
,,2025,crossref,pending,not yet processed
10.15607/rss.2025.xxi.083,,,crossref,pending,not yet processed
10.1145/3610977.3634975,,,crossref,pending,not yet processed
10.15607/rss.2024.xx.031,,,crossref,pending,not yet processed
,,2023,crossref,pending,not yet processed
10.1177/02783649251405291,,,crossref,pending,not yet processed
,,,crossref,pending,not yet processed
10.1145/3203303,,,crossref,pending,not yet processed
10.1109/roman.2012.6343850,,,crossref,pending,not yet processed
10.1145/3025453.3025535,,,crossref,pending,not yet processed
10.1145/2556288.2557395,,,crossref,pending,not yet processed
10.18653/v1/2023.emnlp-main.20,,,crossref,pending,not yet processed
10.1177/09287329251342392,,,crossref,pending,not yet processed
,,,crossref,pending,not yet processed
10.1145/3583742,,,crossref,pending,not yet processed
10.1177/1049732315617444,,,crossref,pending,not yet processed
10.2752/146069204789338424,,,crossref,pending,not yet processed
,,,crossref,pending,not yet processed
,,,crossref,pending,not yet processed
,,,crossref,pending,not yet processed
,,,crossref,pending,not yet processed
10.1109/ro-man46459.2019.8956402,,,crossref,pending,not yet processed
10.1145/3610978.3640793,,,crossref,pending,not yet processed
10.1145/3568162.3576988,,,crossref,pending,not yet processed
10.1109/hri61500.2025.10974182,,,crossref,pending,not yet processed
,,2023,crossref,pending,not yet processed
,,,crossref,pending,not yet processed
10.1145/3654777.3676401,,,crossref,pending,not yet processed
10.1016/j.robot.2019.103344,,,crossref,pending,not yet processed
10.4135/9781526421036831710,,,crossref,pending,not yet processed
10.1109/icra.2017.7989208,,,crossref,pending,not yet processed
,,,crossref,pending,not yet processed
10.1109/estream61684.2024.10542617,,,crossref,pending,not yet processed
10.1109/iros.2018.8593525,,,crossref,pending,not yet processed
10.1017/s0890060421000287,,,crossref,pending,not yet processed
10.1109/icra.2015.7140110,,,crossref,pending,not yet processed
10.1007/s12369-025-01252-3,,,crossref,pending,not yet processed
,,,crossref,pending,not yet processed
,,,crossref,pending,not yet processed
10.1109/icorr.2013.6650501,,,crossref,pending,not yet processed
10.1177/14647001221082299,,,crossref,pending,not yet processed
,,2022,crossref,pending,not yet processed
10.1109/ro-man53752.2022.9900691,,,crossref,pending,not yet processed
,,2025,crossref,pending,not yet processed
10.1109/hri61500.2025.10974123,,,crossref,pending,not yet processed
10.1093/jdh/epv001,,,crossref,pending,not yet processed
10.1080/24735132.2022.2101257,,,crossref,pending,not yet processed
10.1080/24735132.2022.2101257,,,crossref,pending,not yet processed
10.21037/mhealth-24-46,,,crossref,pending,not yet processed
10.1080/14606925.2022.2058442,,,crossref,pending,not yet processed
10.1145/3745900.3746089,,,crossref,pending,not yet processed
,,,crossref,pending,not yet processed
10.1007/978-3-540-73279-2_1,,,crossref,pending,not yet processed
10.1145/3571811,,,crossref,pending,not yet processed
10.1145/2470654.2466246,,,crossref,pending,not yet processed
10.1145/3706598.3714252,,,crossref,pending,not yet processed
10.1007/s41649-024-00311-7,,,crossref,pending,not yet processed
10.1177/09075682231197115,,,crossref,pending,not yet processed
10.1145/3544549.3582743,,,crossref,pending,not yet processed
10.1145/3706598.3713238,,,crossref,pending,not yet processed
10.1258/ce.2008.008047,,,crossref,pending,not yet processed
10.1145/3544548.3581052,,,crossref,pending,not yet processed
,,,crossref,pending,not yet processed
10.21437/interspeech.2023-78,,,crossref,pending,not yet processed
10.1145/2317956.2318001,,,crossref,pending,not yet processed
10.1145/3234695.3236348,,,crossref,pending,not yet processed
10.1145/3290605.3300528,,,crossref,pending,not yet processed
10.1145/3544548.3580651,,,crossref,pending,not yet processed
10.1145/3373625.3417026,,,crossref,pending,not yet processed
10.1145/3706598.3713117,,,crossref,pending,not yet processed
10.1002/9781118430873.est0680,,,crossref,pending,not yet processed
10.1145/2317956.2318014,,,crossref,pending,not yet processed
10.1177/0022167883232011,,,crossref,pending,not yet processed
10.4324/9781315777559,,,crossref,pending,not yet processed
10.1191/1478088706qp063oa,,,crossref,pending,not yet processed
,,,crossref,pending,not yet processed
10.1177/1077800409358878,,,crossref,pending,not yet processed
10.1016/j.apergo.2025.104576,,,crossref,pending,not yet processed
10.1145/3290605.3300733,,,crossref,pending,not yet processed
10.1037/h0028849,,,crossref,pending,not yet processed
10.7551/mitpress/12255.001.0001,,,crossref,pending,not yet processed
10.1080/10447318.2023.2247614,,,crossref,pending,not yet processed
10.1145/3557890,,,crossref,pending,not yet processed
10.1145/3359293,,,crossref,pending,not yet processed
,,2015,crossref,pending,not yet processed
10.1080/17483107.2020.1768308,,,crossref,pending,not yet processed
,,2021,crossref,pending,not yet processed
10.34626/2025_xcoax_019,,,crossref,pending,not yet processed
,,2024,crossref,pending,not yet processed
,,,crossref,pending,not yet processed
10.1145/2598510.2598588,,,crossref,pending,not yet processed
10.1145/2851581.2856465,,,crossref,pending,not yet processed
10.1145/3597638.3608394,,,crossref,pending,not yet processed
10.1080/09687599.2023.2279932,,,crossref,pending,not yet processed
10.1145/2700648.2809851,,,crossref,pending,not yet processed
,,,crossref,pending,not yet processed
10.1145/291224.291235,,,crossref,pending,not yet processed
10.1145/3313831.3376265,,,crossref,pending,not yet processed
10.1145/3411764.3445196,,,crossref,pending,not yet processed
10.1145/3597638.3614480,,,crossref,pending,not yet processed
10.1145/3512919,,,crossref,pending,not yet processed
,,2017,crossref,pending,not yet processed
,,,crossref,pending,not yet processed
10.1145/2468356.2468731,,,crossref,pending,not yet processed
10.1145/3378561,,,crossref,pending,not yet processed
10.1038/s41928-020-0451-7,,,crossref,pending,not yet processed
10.1016/j.ridd.2023.104517,,,crossref,pending,not yet processed
10.1145/3663547.3746465,,,crossref,pending,not yet processed
10.1145/3597638.3608427,,,crossref,pending,not yet processed
10.1145/3663547.3749828,,,crossref,pending,not yet processed
10.4324/9780203144114.ch6,,,crossref,pending,not yet processed
10.1108/itp-07-2021-0539,,,crossref,pending,not yet processed
,,2019,crossref,pending,not yet processed
10.1145/3308561.3353800,,,crossref,pending,not yet processed
10.34626/2024_xcoax_031,,,crossref,pending,not yet processed
,,,crossref,pending,not yet processed
,,,crossref,pending,not yet processed
,,,crossref,pending,not yet processed
10.1145/3706599.3706677,,,crossref,pending,not yet processed
10.31885/9789515150257.7,,,crossref,pending,not yet processed
10.1145/3563657.3596024,,,crossref,pending,not yet processed
10.1145/3517428.3544821,,,crossref,pending,not yet processed
10.2979/6841.0,,,crossref,pending,not yet processed
10.1145/638249.638274,,,crossref,pending,not yet processed
10.1145/3706599.3716226,,,crossref,pending,not yet processed
10.1145/2940299.2940314,,,crossref,pending,not yet processed
10.1145/3411763.3450389,,,crossref,pending,not yet processed
10.1353/lib.2016.0004,,,crossref,pending,not yet processed
,,,crossref,pending,not yet processed
,,,crossref,pending,not yet processed
10.1145/1090785.1090791,,,crossref,pending,not yet processed
10.1145/3517428.3544817,,,crossref,pending,not yet processed
10.1145/3491102.3501882,,,crossref,pending,not yet processed
10.1145/2971485.2996752,,,crossref,pending,not yet processed
10.1145/3597638.3608406,,,crossref,pending,not yet processed
10.1145/1878803.1878807,,,crossref,pending,not yet processed
10.1111/j.1475-4762.1999.tb00084.x,,,crossref,pending,not yet processed
10.1108/ils-02-2023-0021,,,crossref,pending,not yet processed
10.1145/3597638.3608392,,,crossref,pending,not yet processed
10.1080/15017410701880122,,,crossref,pending,not yet processed
,,,crossref,pending,not yet processed
,,,crossref,pending,not yet processed
,,,crossref,pending,not yet processed
10.1002/ace.7401,,,crossref,pending,not yet processed
10.1145/3441852.3476524,,,crossref,pending,not yet processed
10.25158/l5.1.9,,,crossref,pending,not yet processed
10.1145/3663548.3675646,,,crossref,pending,not yet processed
,,,crossref,pending,not yet processed
10.1080/08351813.2018.1413878,,,crossref,pending,not yet processed
10.1080/13691180600751348,,,crossref,pending,not yet processed
10.1145/3373625.3416998,,,crossref,pending,not yet processed
10.1037/rep0000127,,,crossref,pending,not yet processed
10.3200/genp.135.2.151-166,,,crossref,pending,not yet processed
10.1145/3597638.3608410,,,crossref,pending,not yet processed
10.31219/osf.io/mahn5,,,crossref,pending,not yet processed
,,2018,crossref,pending,not yet processed
10.1145/3491207,,,crossref,pending,not yet processed
10.1145/3373625.3418042,,,crossref,pending,not yet processed
10.1145/3064663.3064739,,,crossref,pending,not yet processed
10.4324/9781315577425,,,crossref,pending,not yet processed
10.1145/3313831.3376767,,,crossref,pending,not yet processed
,,,crossref,pending,not yet processed
10.1109/mts.2020.2967492,,,crossref,pending,not yet processed
,,2023,crossref,pending,not yet processed
10.1145/3234695.3236346,,,crossref,pending,not yet processed
10.1145/1978942.1979044,,,crossref,pending,not yet processed
,,,crossref,pending,not yet processed
10.1145/3313831.3376353,,,crossref,pending,not yet processed
10.1145/3706599.3716219,,,crossref,pending,not yet processed
,,,crossref,pending,not yet processed
10.1145/3334480.3375150,,,crossref,pending,not yet processed
10.1145/3491101.3503731,,,crossref,pending,not yet processed
10.1145/3665602,,,crossref,pending,not yet processed
10.1037/0022-3514.35.4.217,,,crossref,pending,not yet processed
,,2017,crossref,pending,not yet processed
10.1080/09687599.2020.1749563,,,crossref,pending,not yet processed
10.1109/ismar55827.2022.00086,,,crossref,pending,not yet processed
10.1177/15562646231173477,,,crossref,pending,not yet processed
10.1093/jmp/jhac014,,,crossref,pending,not yet processed
10.14361/dcs-2021-070213,,,crossref,pending,not yet processed
10.1145/3544549.3577056,,,crossref,pending,not yet processed
10.1145/3544548.3581480,,,crossref,pending,not yet processed
10.1145/3458453,,,crossref,pending,not yet processed
10.1145/1952383.1952384,,,crossref,pending,not yet processed
10.1145/3613904.3641930,,,crossref,pending,not yet processed
,,,crossref,pending,not yet processed
10.1145/3334480.3381828,,,crossref,pending,not yet processed
,,2021,crossref,pending,not yet processed
,,,crossref,pending,not yet processed
10.1109/lisat.2017.8001958,,,crossref,pending,not yet processed
10.1016/0749-5978(91)90020-t,,,crossref,pending,not yet processed
10.1109/icoa62581.2024.10754510,,,crossref,pending,not yet processed
,,,crossref,pending,not yet processed
,,,crossref,pending,not yet processed
,,2019,crossref,pending,not yet processed
,,,crossref,pending,not yet processed
,,,crossref,pending,not yet processed
10.1177/004912418101000205,,,crossref,pending,not yet processed
10.1145/2700648.2811332,,,crossref,pending,not yet processed
10.1191/1478088706qp063oa,,,crossref,pending,not yet processed
10.1080/1097198x.2008.10856466,,,crossref,pending,not yet processed
,,,crossref,pending,not yet processed
10.1177/0972150918757883,,,crossref,pending,not yet processed
10.1016/j.jbusres.2017.11.029,,,crossref,pending,not yet processed
,,2014,crossref,pending,not yet processed
10.1109/ccst.2019.8888437,,,crossref,pending,not yet processed
10.1111/j.1741-6612.2004.00024.x,,,crossref,pending,not yet processed
,,,crossref,pending,not yet processed
10.2307/249008,,,crossref,pending,not yet processed
,,,crossref,pending,not yet processed
10.1386/tmsd_00078_1,,,crossref,pending,not yet processed
10.1109/tifs.2018.2878160,,,crossref,pending,not yet processed
10.1080/10447318.2024.2375685,,,crossref,pending,not yet processed
,,,crossref,pending,not yet processed
,,2021,crossref,pending,not yet processed
10.1145/3579493,,,crossref,pending,not yet processed
,,2022,crossref,pending,not yet processed
10.1145/3025453.3025859,,,crossref,pending,not yet processed
10.1016/j.tele.2023.101951,,,crossref,pending,not yet processed
10.1080/19368623.2024.2379269,,,crossref,pending,not yet processed
10.1109/access.2020.3025429,,,crossref,pending,not yet processed
10.1109/tcsvt.2003.818349,,,crossref,pending,not yet processed
,,,crossref,pending,not yet processed
10.1080/03601277.2016.1205408,,,crossref,pending,not yet processed
10.1145/3517428.3544820,,,crossref,pending,not yet processed
10.1145/3461778.3462127,,,crossref,pending,not yet processed
,,2009,crossref,pending,not yet processed
,,2011,crossref,pending,not yet processed
10.1145/3359199,,,crossref,pending,not yet processed
,,2025,crossref,pending,not yet processed
10.1016/j.tele.2019.02.003,,,crossref,pending,not yet processed
,,2024,crossref,pending,not yet processed
10.1109/lisat.2014.6845213,,,crossref,pending,not yet processed
10.2139/ssrn.3289850,,,crossref,pending,not yet processed
10.1080/23311975.2024.2325543,,,crossref,pending,not yet processed
,,,crossref,pending,not yet processed
10.1108/jsm-01-2022-0035,,,crossref,pending,not yet processed
10.1145/3290605.3300620,,,crossref,pending,not yet processed
10.1145/3637301,,,crossref,pending,not yet processed
10.1016/j.telpol.2021.102155,,,crossref,pending,not yet processed
10.2753/mis0742-1222270406,,,crossref,pending,not yet processed
10.1108/08876040310486294,,,crossref,pending,not yet processed
10.1145/3610039,,,crossref,pending,not yet processed
10.1145/3359174,,,crossref,pending,not yet processed
,,,crossref,pending,not yet processed
10.1002/mar.21495,,,crossref,pending,not yet processed
10.3390/su14159424,,,crossref,pending,not yet processed
10.1007/978-1-4939-0378-8_2,,,crossref,pending,not yet processed
10.1016/j.dss.2017.11.003,,,crossref,pending,not yet processed
10.47231/edju4275,,,crossref,pending,not yet processed
10.1145/3173574.3173803,,,crossref,pending,not yet processed
10.1007/s10209-019-00691-w,,,crossref,pending,not yet processed
,,,crossref,pending,not yet processed
,,2021,crossref,pending,not yet processed
,,,crossref,pending,not yet processed
10.1080/00223980.1975.9915803,,,crossref,pending,not yet processed
10.1145/3415241,,,crossref,pending,not yet processed
,,,crossref,pending,not yet processed
10.2307/30036540,,,crossref,pending,not yet processed
10.1145/2207676.2208569,,,crossref,pending,not yet processed
10.1145/3369819,,,crossref,pending,not yet processed
10.1016/j.jvcir.2019.01.013,,,crossref,pending,not yet processed
10.1080/10447318.2022.2154903,,,crossref,pending,not yet processed
10.1007/s11042-020-10246-4,,,crossref,pending,not yet processed
10.1016/j.clindermatol.2010.07.005,,,crossref,pending,not yet processed
,,,crossref,pending,not yet processed
,,,crossref,pending,not yet processed
,,,crossref,pending,not yet processed
,,,crossref,pending,not yet processed
10.1108/imds-08-2014-0243,,,crossref,pending,not yet processed
,,,crossref,pending,not yet processed
10.1073/pnas.1410272112,,,crossref,pending,not yet processed
10.1002/cb.2385,,,crossref,pending,not yet processed
10.1016/j.ijmedinf.2016.07.004,,,crossref,pending,not yet processed
10.1016/j.jretconser.2024.103789,,,crossref,pending,not yet processed
,,,crossref,pending,not yet processed
10.1109/access.2019.2927705,,,crossref,pending,not yet processed
10.1016/j.telpol.2023.102703,,,crossref,pending,not yet processed
10.3390/su14127150,,,crossref,pending,not yet processed
10.1016/j.techsoc.2020.101515,,,crossref,pending,not yet processed
,,2006,crossref,pending,not yet processed
10.1108/jices-05-2018-0050,,,crossref,pending,not yet processed
10.1109/wacv.2016.7477553,,,crossref,pending,not yet processed
10.1007/s11023-022-09615-9,,,crossref,pending,not yet processed
10.1145/1553374.1553380,,,crossref,pending,not yet processed
10.1109/jiot.2022.3188331,,,crossref,pending,not yet processed
10.1145/3641236.3665164,,,crossref,pending,not yet processed
,,2018,crossref,pending,not yet processed
10.1109/tbiom.2020.3027269,,,crossref,pending,not yet processed
,,,crossref,pending,not yet processed
10.1109/access.2023.3275529,,,crossref,pending,not yet processed
10.1109/isrimt63979.2024.10875239,,,crossref,pending,not yet processed
10.1145/3461778.3462004,,,crossref,pending,not yet processed
,,,crossref,pending,not yet processed
,,,crossref,pending,not yet processed
10.1002/pfi.21727,,,crossref,pending,not yet processed
10.1145/3373625.3416994,,,crossref,pending,not yet processed
10.1109/iscc58397.2023.10217921,,,crossref,pending,not yet processed
,,,crossref,pending,not yet processed
10.1109/34.927467,,,crossref,pending,not yet processed
10.14198/jhse.2021.164.12,,,crossref,pending,not yet processed
10.1007/s40279-020-01336-2,,,crossref,pending,not yet processed
10.1145/3322276.3322356,,,crossref,pending,not yet processed
10.1109/34.799905,,,crossref,pending,not yet processed
10.1037/t27734-000,,,crossref,pending,not yet processed
10.1007/s40279-018-0940-2,,,crossref,pending,not yet processed
10.1109/tbcas.2018.2810256,,,crossref,pending,not yet processed
10.1145/3373625.3416987,,,crossref,pending,not yet processed
,,,crossref,pending,not yet processed
10.1145/3448017.3457379,,,crossref,pending,not yet processed
,,,crossref,pending,not yet processed
,,,crossref,pending,not yet processed
,,,crossref,pending,not yet processed
10.1145/3577190.3614120,,,crossref,pending,not yet processed
10.1109/aims52415.2021.9466031,,,crossref,pending,not yet processed
,,2025,crossref,pending,not yet processed
,,,crossref,pending,not yet processed
10.1109/tbcas.2018.2882510,,,crossref,pending,not yet processed
,,,crossref,pending,not yet processed
10.1109/iceta63795.2024.10850851,,,crossref,pending,not yet processed
10.1109/siprocess.2017.8124559,,,crossref,pending,not yet processed
10.1145/3173574.3173582,,,crossref,pending,not yet processed
10.1109/ieeeconf58110.2023.10520528,,,crossref,pending,not yet processed
10.1080/13506285.2013.823140,,,crossref,pending,not yet processed
,,,crossref,pending,not yet processed
10.1145/3715336.3735754,,,crossref,pending,not yet processed
10.1145/3706599.3706677,,,crossref,pending,not yet processed
10.1109/tsmc.2013.2270226,,,crossref,pending,not yet processed
,,,crossref,pending,not yet processed
,,2018,crossref,pending,not yet processed
10.1007/s40300-024-00276-5,,,crossref,pending,not yet processed
10.1145/3274357,,,crossref,pending,not yet processed
10.1145/3139131.3143420,,,crossref,pending,not yet processed
10.1109/hsi.2017.8004992,,,crossref,pending,not yet processed
10.1145/3173574.3173655,,,crossref,pending,not yet processed
10.1109/ispcc.2015.7375032,,,crossref,pending,not yet processed
10.1016/j.psychsport.2023.102444,,,crossref,pending,not yet processed
10.1145/3422852.3423479,,,crossref,pending,not yet processed
10.1109/icid64166.2024.11024823,,,crossref,pending,not yet processed
,,,crossref,pending,not yet processed
,,,crossref,pending,not yet processed
10.1109/taffc.2017.2731763,,,crossref,pending,not yet processed
10.1109/ismar50242.2020.00064,,,crossref,pending,not yet processed
10.1145/2399016.2399152,,,crossref,pending,not yet processed
10.1109/t-affc.2013.4,,,crossref,pending,not yet processed
10.1080/00221309.2014.994590,,,crossref,pending,not yet processed
10.1111/sms.14438,,,crossref,pending,not yet processed
10.1145/2971485.2971490,,,crossref,pending,not yet processed
10.1109/ijcnn.2019.8851999,,,crossref,pending,not yet processed
10.1109/iccubea.2018.8697455,,,crossref,pending,not yet processed
10.1109/icears64219.2025.10940342,,,crossref,pending,not yet processed
10.1109/iscas.2014.6865572,,,crossref,pending,not yet processed
10.1152/physrev.00048.2011,,,crossref,pending,not yet processed
10.1109/tnsre.2022.3187472,,,crossref,pending,not yet processed
10.1109/iccke.2015.7365830,,,crossref,pending,not yet processed
10.1109/i2ct57861.2023.10126453,,,crossref,pending,not yet processed
10.1145/3204493.3208344,,,crossref,pending,not yet processed
10.1145/3375627.3375820,,,crossref,pending,not yet processed
10.1145/3447582,,,crossref,pending,not yet processed
10.1037/a0025750,,,crossref,pending,not yet processed
10.1109/iccit60459.2023.10441531,,,crossref,pending,not yet processed
,,,crossref,pending,not yet processed
10.1109/ghtc62424.2024.10771580,,,crossref,pending,not yet processed
10.1080/09593985.2023.2175189,,,crossref,pending,not yet processed
10.1589/jpts.31.992,,,crossref,pending,not yet processed
10.1093/geronb/gbaa219,,,crossref,pending,not yet processed
10.1007/978-3-540-89991-4_6,,,crossref,pending,not yet processed
,,2009,crossref,pending,not yet processed
,,2020,crossref,pending,not yet processed
,,,crossref,pending,not yet processed
10.1016/j.physio.2022.09.005,,,crossref,pending,not yet processed
,,,crossref,pending,not yet processed
10.1145/3600211.3604673,,,crossref,pending,not yet processed
10.1109/iccsce54767.2022.9935639,,,crossref,pending,not yet processed
10.1007/s11263-022-01611-x,,,crossref,pending,not yet processed
10.1145/3613904.3642378,,,crossref,pending,not yet processed
,,,crossref,pending,not yet processed
10.5505/pajes.2022.10280,,,crossref,pending,not yet processed
10.1145/3613904.3642884,,,crossref,pending,not yet processed
,,2006,crossref,pending,not yet processed
,,,crossref,pending,not yet processed
10.1145/3663547.3746359,,,crossref,pending,not yet processed
10.1109/aivr.2018.00034,,,crossref,pending,not yet processed
10.1609/aies.v8i3.36745,,,crossref,pending,not yet processed
10.1145/3615834.3615843,,,crossref,pending,not yet processed
10.1145/3643834.3660691,,,crossref,pending,not yet processed
,,,crossref,pending,not yet processed
10.1145/3287076,,,crossref,pending,not yet processed
10.1109/cvpr.2010.5539978,,,crossref,pending,not yet processed
10.1109/cvpr.2009.5206671,,,crossref,pending,not yet processed
10.1016/j.imavis.2014.06.002,,,crossref,pending,not yet processed
,,2022,crossref,pending,not yet processed
,,,crossref,pending,not yet processed
10.1080/14616688.2014.938690,,,crossref,pending,not yet processed
10.1145/3292147.3292163,,,crossref,pending,not yet processed
,,2015,crossref,pending,not yet processed
10.1109/hri.2016.7451727,,,crossref,pending,not yet processed
10.1145/3544549.3583909,,,crossref,pending,not yet processed
10.3390/ijerph191912907,,,crossref,pending,not yet processed
10.1145/1866029.1866080,,,crossref,pending,not yet processed
10.1145/3234695.3239330,,,crossref,pending,not yet processed
10.1145/3613905.3650841,,,crossref,pending,not yet processed
10.1109/cicac.2013.6595225,,,crossref,pending,not yet processed
10.1109/ismar-adjunct60411.2023.00150,,,crossref,pending,not yet processed
10.1145/3597638.3608386,,,crossref,pending,not yet processed
10.1145/3663548.3688498,,,crossref,pending,not yet processed
10.1145/3607822.3614540,,,crossref,pending,not yet processed
,,,crossref,pending,not yet processed
10.1145/3706598.3713473,,,crossref,pending,not yet processed
,,,crossref,pending,not yet processed
10.1109/smartworld.2018.00094,,,crossref,pending,not yet processed
10.1177/026461960302100204,,,crossref,pending,not yet processed
,,,crossref,pending,not yet processed
10.1145/3544549.3585700,,,crossref,pending,not yet processed
10.1145/3613904.3642211,,,crossref,pending,not yet processed
10.1145/3706599.3719714,,,crossref,pending,not yet processed
10.1108/eum0000000002500,,,crossref,pending,not yet processed
10.1109/vrw55335.2022.00168,,,crossref,pending,not yet processed
10.1145/3597638.3614480,,,crossref,pending,not yet processed
10.1145/3663548.3688485,,,crossref,pending,not yet processed
10.1145/3308561.3353771,,,crossref,pending,not yet processed
,,,crossref,pending,not yet processed
10.1145/3613904.3642472,,,crossref,pending,not yet processed
10.1145/3613904.3642181,,,crossref,pending,not yet processed
,,,crossref,pending,not yet processed
,,,crossref,pending,not yet processed
,,,crossref,pending,not yet processed
10.1145/2702123.2702393,,,crossref,pending,not yet processed
10.1145/3517428.3544821,,,crossref,pending,not yet processed
10.1145/3663548.3675663,,,crossref,pending,not yet processed
,,2011,crossref,pending,not yet processed
10.1145/3334480.3382925,,,crossref,pending,not yet processed
10.1145/3544548.3581220,,,crossref,pending,not yet processed
10.1145/3746059.3747641,,,crossref,pending,not yet processed
10.1145/3706599.3721194,,,crossref,pending,not yet processed
10.58729/2167-3454.1088,,,crossref,pending,not yet processed
10.1038/s44387-025-00006-w,,,crossref,pending,not yet processed
10.1177/0961000618759414,,,crossref,pending,not yet processed
10.1145/3544548.3581481,,,crossref,pending,not yet processed
,,2012,crossref,pending,not yet processed
,,,crossref,pending,not yet processed
,,,crossref,pending,not yet processed
,,,crossref,pending,not yet processed
,,,crossref,pending,not yet processed
,,,crossref,pending,not yet processed
10.1145/3597638.3608404,,,crossref,pending,not yet processed
,,,crossref,pending,not yet processed
,,,crossref,pending,not yet processed
10.1145/3613905.3651109,,,crossref,pending,not yet processed
10.1145/3313831.3376353,,,crossref,pending,not yet processed
,,,crossref,pending,not yet processed
10.1155/2023/6677789,,,crossref,pending,not yet processed
10.1145/3449143,,,crossref,pending,not yet processed
,,,crossref,pending,not yet processed
10.1145/3544549.3585726,,,crossref,pending,not yet processed
10.1007/978-3-031-08648-9_34,,,crossref,pending,not yet processed
10.1145/3544548.3581388,,,crossref,pending,not yet processed
10.1145/3517428.3544829,,,crossref,pending,not yet processed
10.1145/3597638.3608388,,,crossref,pending,not yet processed
10.1109/ismar-adjunct51615.2020.00028,,,crossref,pending,not yet processed
10.1145/3173574.3173690,,,crossref,pending,not yet processed
10.1007/s43681-023-00348-8,,,crossref,pending,not yet processed
10.1145/3479520,,,crossref,pending,not yet processed
,,,crossref,pending,not yet processed
,,1992,crossref,pending,not yet processed
10.1386/jfs.4.1.23_1,,,crossref,pending,not yet processed
10.21153/psj2024vol10no2art2064,,,crossref,pending,not yet processed
10.1177/1086296x18820659,,,crossref,pending,not yet processed
10.1145/3134659,,,crossref,pending,not yet processed
10.1088/1742-5468/2008/10/p10008,,,crossref,pending,not yet processed
,,,crossref,pending,not yet processed
,,,crossref,pending,not yet processed
10.1007/s41244-023-00310-5,,,crossref,pending,not yet processed
10.1353/cj.2015.0034,,,crossref,pending,not yet processed
10.1145/1455770.1455841,,,crossref,pending,not yet processed
10.3390/journalmedia3040047,,,crossref,pending,not yet processed
10.1145/3555127,,,crossref,pending,not yet processed
10.1145/3334480.3382936,,,crossref,pending,not yet processed
10.1111/ssqu.12826,,,crossref,pending,not yet processed
10.1111/jcc4.12088,,,crossref,pending,not yet processed
10.3983/twc.2023.2309,,,crossref,pending,not yet processed
10.1145/3323994.3371014,,,crossref,pending,not yet processed
10.1145/3359256,,,crossref,pending,not yet processed
10.1145/3272973.3274089,,,crossref,pending,not yet processed
,,,crossref,pending,not yet processed
,,2016,crossref,pending,not yet processed
10.1177/1354856516688624,,,crossref,pending,not yet processed
10.1145/3406522.3446033,,,crossref,pending,not yet processed
10.1145/2531602.2531695,,,crossref,pending,not yet processed
10.1145/3392847,,,crossref,pending,not yet processed
10.1145/2675133.2675234,,,crossref,pending,not yet processed
10.1145/2858036.2858409,,,crossref,pending,not yet processed
10.1145/2998181.2998210,,,crossref,pending,not yet processed
10.1609/icwsm.v8i1.14522,,,crossref,pending,not yet processed
,,,crossref,pending,not yet processed
10.3983/twc.2020.1689,,,crossref,pending,not yet processed
,,2013,crossref,pending,not yet processed
,,2004,crossref,pending,not yet processed
,,,crossref,pending,not yet processed
10.1145/3618257.3624819,,,crossref,pending,not yet processed
10.1609/icwsm.v18i1.31334,,,crossref,pending,not yet processed
10.3983/twc.2018.1372,,,crossref,pending,not yet processed
,,2020,crossref,pending,not yet processed
10.1145/3411764.3445778,,,crossref,pending,not yet processed
10.1145/2702123.2702520,,,crossref,pending,not yet processed
,,,crossref,pending,not yet processed
,,,crossref,pending,not yet processed
10.1145/2038558.2038560,,,crossref,pending,not yet processed
10.2139/ssrn.2736942,,,crossref,pending,not yet processed
10.1080/00918369.2021.1940012,,,crossref,pending,not yet processed
10.1177/1367877912459132,,,crossref,pending,not yet processed
10.1145/3449100,,,crossref,pending,not yet processed
10.1007/s13278-024-01224-x,,,crossref,pending,not yet processed
,,2016,crossref,pending,not yet processed
10.18653/v1/w18-2502,,,crossref,pending,not yet processed
10.3983/twc.2015.0664,,,crossref,pending,not yet processed
10.1080/23268743.2017.1396982,,,crossref,pending,not yet processed
10.1080/23268743.2017.1394215,,,crossref,pending,not yet processed
,,,crossref,pending,not yet processed
10.1177/0163443711418272,,,crossref,pending,not yet processed
10.3983/twc.2021.1997,,,crossref,pending,not yet processed
10.1017/9781108763790.018,,,crossref,pending,not yet processed
10.1145/3025453.3025615,,,crossref,pending,not yet processed
10.1145/3173574.3174110,,,crossref,pending,not yet processed
10.1145/3613904.3642494,,,crossref,pending,not yet processed
,,,crossref,pending,not yet processed
,,,crossref,pending,not yet processed
,,,crossref,pending,not yet processed
,,2015,crossref,pending,not yet processed
,,,crossref,pending,not yet processed
10.1145/3664647.3681052,,,crossref,pending,not yet processed
,,,crossref,pending,not yet processed
10.18653/v1/2023.acl-long.676,,,crossref,pending,not yet processed
10.3983/twc.2016.0684,,,crossref,pending,not yet processed
,,,crossref,pending,not yet processed
,,2024,crossref,pending,not yet processed
10.1145/3025453.3025720,,,crossref,pending,not yet processed
10.1609/icwsm.v19i1.35929,,,crossref,pending,not yet processed
,,2019,crossref,pending,not yet processed
10.1145/3491102.3517706,,,crossref,pending,not yet processed
,,,crossref,pending,not yet processed
10.1016/j.concog.2021.103133,,,crossref,pending,not yet processed
10.1109/tvcg.2023.3247067,,,crossref,pending,not yet processed
10.1145/2804408.2804426,,,crossref,pending,not yet processed
10.1145/2967934.2968105,,,crossref,pending,not yet processed
10.1109/cw.2018.00049,,,crossref,pending,not yet processed
,,2006,crossref,pending,not yet processed
10.1109/tvcg.2023.3320209,,,crossref,pending,not yet processed
10.1111/j.1467-8535.2012.01370.x,,,crossref,pending,not yet processed
10.1109/vs-games.2014.7012029,,,crossref,pending,not yet processed
10.17705/1jais.00183,,,crossref,pending,not yet processed
10.1017/pds.2021.534,,,crossref,pending,not yet processed
10.1080/21650349.2023.2288125,,,crossref,pending,not yet processed
10.1145/3025453.3026028,,,crossref,pending,not yet processed
10.1145/3613905.3650752,,,crossref,pending,not yet processed
10.1016/j.protcy.2014.02.007,,,crossref,pending,not yet processed
10.1145/108844.108856,,,crossref,pending,not yet processed
10.4324/9781315740218,,,crossref,pending,not yet processed
10.3390/s22020514,,,crossref,pending,not yet processed
10.1007/s10639-017-9676-0,,,crossref,pending,not yet processed
10.1145/3544548.3581027,,,crossref,pending,not yet processed
10.1007/s10055-021-00511-8,,,crossref,pending,not yet processed
10.1145/2811266,,,crossref,pending,not yet processed
10.1109/tvcg.2013.29,,,crossref,pending,not yet processed
10.1145/3410404.3414261,,,crossref,pending,not yet processed
10.1109/mprv.2017.35,,,crossref,pending,not yet processed
10.1145/2720020,,,crossref,pending,not yet processed
10.1145/3613904.3642518,,,crossref,pending,not yet processed
10.1109/3dui.2017.7893359,,,crossref,pending,not yet processed
10.1109/3dui.2014.6798861,,,crossref,pending,not yet processed
10.1016/j.ijhcs.2023.103165,,,crossref,pending,not yet processed
10.5555/212925.212927,,,crossref,pending,not yet processed
10.1145/301153.301168,,,crossref,pending,not yet processed
,,2013,crossref,pending,not yet processed
10.1007/s10055-024-00966-5,,,crossref,pending,not yet processed
10.1145/3313831.3376562,,,crossref,pending,not yet processed
10.1109/tvcg.2022.3169426,,,crossref,pending,not yet processed
10.1016/j.chb.2017.07.039,,,crossref,pending,not yet processed
10.1109/mcg.2021.3067999,,,crossref,pending,not yet processed
10.1016/j.ijhcs.2019.05.008,,,crossref,pending,not yet processed
10.1089/109493102760147213,,,crossref,pending,not yet processed
10.1145/3461778.3462111,,,crossref,pending,not yet processed
10.1145/3311823.3311861,,,crossref,pending,not yet processed
10.1145/3411764.3445759,,,crossref,pending,not yet processed
10.1080/07370024.2020.1724790,,,crossref,pending,not yet processed
10.1109/tvcg.2023.3247041,,,crossref,pending,not yet processed
10.1145/3313831.3376626,,,crossref,pending,not yet processed
,,2004,crossref,pending,not yet processed
10.1109/tvcg.2021.3114844,,,crossref,pending,not yet processed
10.1109/vr50410.2021.00055,,,crossref,pending,not yet processed
10.1145/3322276.3322357,,,crossref,pending,not yet processed
10.1109/mcas.2017.2713305,,,crossref,pending,not yet processed
10.1109/iscas.2016.7527301,,,crossref,pending,not yet processed
10.1109/access.2019.2938408,,,crossref,pending,not yet processed
,,,crossref,pending,not yet processed
10.1007/s42514-020-00060-7,,,crossref,pending,not yet processed
,A parallel feedback obfuscation strong PUF against machine-learning modeling attacks and lightweight authentication protocol,2025,crossref,pending,not yet processed
,Feistel-PUF: Sequential obfuscation-based machine learning attack resistant physical unclonable function for IoT device security authentication,2025,crossref,pending,not yet processed
10.1109/tvlsi.2005.859470,,,crossref,pending,not yet processed
,Calypso: An enhanced search optimization based framework to model delay-based PUFs,2024,crossref,pending,not yet processed
10.46586/tches.v2019.i4.243-290,,,crossref,pending,not yet processed
10.1109/itc-asia62534.2024.10661320,,,crossref,pending,not yet processed
10.1109/tc.2017.2749226,,,crossref,pending,not yet processed
,Deep Learning Based Model Building Attacks on Arbiter PUF Compositions,2019,crossref,pending,not yet processed
10.1109/tcad.2019.2962115,,,crossref,pending,not yet processed
10.1109/msp.2015.7,,,crossref,pending,not yet processed
10.5555/2971808.2971870,,,crossref,pending,not yet processed
10.1109/tifs.2022.3189533,,,crossref,pending,not yet processed
10.1109/tifs.2023.3263621,,,crossref,pending,not yet processed
10.1587/elex.14.20170551,,,crossref,pending,not yet processed
10.1145/3230543.3230558,,,crossref,pending,not yet processed
10.1109/tip.2017.2729891,,,crossref,pending,not yet processed
,,2013,crossref,pending,not yet processed
10.1145/3625468.3652175,,,crossref,pending,not yet processed
10.1145/3625468.3652175,,,crossref,pending,not yet processed
10.1145/3651890.3672260,,,crossref,pending,not yet processed
,,2025,crossref,pending,not yet processed
,,2023,crossref,pending,not yet processed
,,2024,crossref,pending,not yet processed
10.1145/2702123.2702300,,,crossref,pending,not yet processed
10.1145/2018436.2018478,,,crossref,pending,not yet processed
,,2023,crossref,pending,not yet processed
,,2024,crossref,pending,not yet processed
,,2025,crossref,pending,not yet processed
,,2017,crossref,pending,not yet processed
,,2017,crossref,pending,not yet processed
,,2025,crossref,pending,not yet processed
10.1145/2619239.2626296,,,crossref,pending,not yet processed
,,2025,crossref,pending,not yet processed
10.1145/2470654.2481317,,,crossref,pending,not yet processed
10.1145/2398776.2398799,,,crossref,pending,not yet processed
,,2023,crossref,pending,not yet processed
,,2020,crossref,pending,not yet processed
,,2023,crossref,pending,not yet processed
10.1145/365024.365028,,,crossref,pending,not yet processed
10.1145/3098822.3098843,,,crossref,pending,not yet processed
,,2011,crossref,pending,not yet processed
10.1109/infocom.2016.7524426,,,crossref,pending,not yet processed
,,2025,crossref,pending,not yet processed
,,2025,crossref,pending,not yet processed
10.1609/icwsm.v10i1.14781,,,crossref,pending,not yet processed
,,,crossref,pending,not yet processed
10.1145/3678299.3678331,,,crossref,pending,not yet processed
10.1109/icnp.2018.00026,,,crossref,pending,not yet processed
10.1145/3510450.3517311,,,crossref,pending,not yet processed
10.1109/mmul.2011.71,,,crossref,pending,not yet processed
10.1145/3336497,,,crossref,pending,not yet processed
10.1109/tnet.2020.2996964,,,crossref,pending,not yet processed
,,2025,crossref,pending,not yet processed
,,2024,crossref,pending,not yet processed
,,,crossref,pending,not yet processed
10.1145/2785956.2787486,,,crossref,pending,not yet processed
,,2025,crossref,pending,not yet processed
,,2023,crossref,pending,not yet processed
10.1109/infocom.2017.8057057,,,crossref,pending,not yet processed
,,2026,crossref,pending,not yet processed
,,,crossref,pending,not yet processed
10.1145/3628096.3629045,,,crossref,pending,not yet processed
,,,crossref,pending,not yet processed
10.1145/2930886,,,crossref,pending,not yet processed
10.1145/3411763.3450365,,,crossref,pending,not yet processed
10.1109/iros47612.2022.9981754,,,crossref,pending,not yet processed
10.1145/3379157.3388933,,,crossref,pending,not yet processed
10.1145/3491102.3517549,,,crossref,pending,not yet processed
,,,crossref,pending,not yet processed
10.1145/3713043.3731514,,,crossref,pending,not yet processed
10.1007/978-3-031-13942-0,,,crossref,pending,not yet processed
10.1145/3461778.3462065,,,crossref,pending,not yet processed
10.1145/3411764.3445498,,,crossref,pending,not yet processed
10.1145/3322276.3322376,,,crossref,pending,not yet processed
10.1177/02692163241234800,,,crossref,pending,not yet processed
10.1007/978-3-031-13942-0_2,,,crossref,pending,not yet processed
10.1111/ssqu.12098,,,crossref,pending,not yet processed
,,,crossref,pending,not yet processed
,,,crossref,pending,not yet processed
,,,crossref,pending,not yet processed
,,2000,crossref,pending,not yet processed
10.1057/dev.2011.28,,,crossref,pending,not yet processed
,,,crossref,pending,not yet processed
10.1177/160940690600500107,,,crossref,pending,not yet processed
,,,crossref,pending,not yet processed
,,,crossref,pending,not yet processed
,,,crossref,pending,not yet processed
10.1145/3613904.3642598,,,crossref,pending,not yet processed
10.1145/3597638.3614508,,,crossref,pending,not yet processed
10.1145/3613904.3642875,,,crossref,pending,not yet processed
10.1145/3359318,,,crossref,pending,not yet processed
10.1145/3597638.3608389,,,crossref,pending,not yet processed
10.1007/s12369-023-00971-9,,,crossref,pending,not yet processed
10.1109/emr.2023.3304848,,,crossref,pending,not yet processed
10.1007/s12369-023-01064-3,,,crossref,pending,not yet processed
10.1016/j.destud.2023.101170,,,crossref,pending,not yet processed
10.1080/02723638.2023.2275426,,,crossref,pending,not yet processed
,,2025,crossref,pending,not yet processed
10.1177/10778004221134088,,,crossref,pending,not yet processed
10.1007/s10606-021-09398-0,,,crossref,pending,not yet processed
10.1145/2598510.2598561,,,crossref,pending,not yet processed
10.1145/3491102.3502063,,,crossref,pending,not yet processed
10.25038/am.v0i29.551,,,crossref,pending,not yet processed
10.1016/j.jpubtr.2024.100086,,,crossref,pending,not yet processed
10.1145/3643834.3661580,,,crossref,pending,not yet processed
10.1016/b978-0-12-819472-0.00001-0,,,crossref,pending,not yet processed
10.4337/9781789904345.00022,,,crossref,pending,not yet processed
10.1080/15710882.2015.1007877,,,crossref,pending,not yet processed
10.7551/mitpress/4729.001.0001,,,crossref,pending,not yet processed
10.1145/3132525.3132530,,,crossref,pending,not yet processed
10.1145/3565066.3608688,,,crossref,pending,not yet processed
10.1016/j.sheji.2023.04.002,,,crossref,pending,not yet processed
,,,crossref,pending,not yet processed
,,,crossref,pending,not yet processed
10.1080/14606925.2022.2088097,,,crossref,pending,not yet processed
10.1016/j.jretconser.2019.05.025,,,crossref,pending,not yet processed
10.1080/10696679.2020.1787846,,,crossref,pending,not yet processed
,,2019,crossref,pending,not yet processed
10.1145/3290605.3300292,,,crossref,pending,not yet processed
10.1007/978-3-642-40483-2_48,,,crossref,pending,not yet processed
10.1080/15710882.2014.888183,,,crossref,pending,not yet processed
10.1038/s41433-021-01499-w,,,crossref,pending,not yet processed
10.1145/3750054,,,crossref,pending,not yet processed
10.1145/3653687,,,crossref,pending,not yet processed
10.1038/s41598-022-24179-5,,,crossref,pending,not yet processed
10.1109/hri61500.2025.10974248,,,crossref,pending,not yet processed
10.1109/thms.2023.3273773,,,crossref,pending,not yet processed
,,2002,crossref,pending,not yet processed
10.4324/9781315118321,,,crossref,pending,not yet processed
,Challenging ableism: A critical turn toward disability justice in hci. XRDS: Crossroads,2024,crossref,pending,not yet processed
,,2011,crossref,pending,not yet processed
,,,crossref,pending,not yet processed
,,,crossref,pending,not yet processed
10.1080/14487136.2017.1301017,,,crossref,pending,not yet processed
10.1145/3434073.3444646,,,crossref,pending,not yet processed
10.21606/drs.2024.295,,,crossref,pending,not yet processed
10.1016/j.worlddev.2021.105725,,,crossref,pending,not yet processed
10.3390/mti7050053,,,crossref,pending,not yet processed
10.1145/3568162.3576973,,,crossref,pending,not yet processed
10.1145/3334480.3381828,,,crossref,pending,not yet processed
10.1145/3677615,,,crossref,pending,not yet processed
10.1109/cis-ram61939.2024.10672669,,,crossref,pending,not yet processed
10.1145/3610977.3634944,,,crossref,pending,not yet processed
10.1007/978-1-4419-8080-9_5,,,crossref,pending,not yet processed
10.23919/date51398.2021.9474071,,,crossref,pending,not yet processed
10.1109/mdat.2019.2929116,,,crossref,pending,not yet processed
10.1109/tcad.2022.3200513,,,crossref,pending,not yet processed
10.1049/iet-cdt.2016.0014,,,crossref,pending,not yet processed
10.1109/access.2019.2936401,,,crossref,pending,not yet processed
,,,crossref,pending,not yet processed
,,,crossref,pending,not yet processed
,,,crossref,pending,not yet processed
10.1109/isqed.2015.7085441,,,crossref,pending,not yet processed
,,,crossref,pending,not yet processed
10.1109/tetc.2017.2740364,,,crossref,pending,not yet processed
10.1109/hst.2017.7951805,,,crossref,pending,not yet processed
10.1109/mce.2016.2614552,,,crossref,pending,not yet processed
10.1109/tcad.2018.2801220,,,crossref,pending,not yet processed
10.1007/978-3-319-52234-0_8,,,crossref,pending,not yet processed
,,,crossref,pending,not yet processed
,,,crossref,pending,not yet processed
10.1109/tcad.2016.2597232,,,crossref,pending,not yet processed
10.1109/jproc.2014.2335155,,,crossref,pending,not yet processed
10.1109/tcad.2020.3047976,,,crossref,pending,not yet processed
10.1109/isocc56007.2022.10031569,,,crossref,pending,not yet processed
10.1109/dac56929.2023.10247783,,,crossref,pending,not yet processed
10.1109/isvlsi.2018.00133,,,crossref,pending,not yet processed
10.1109/tifs.2021.3096028,,,crossref,pending,not yet processed
10.1109/hst.2015.7140252,,,crossref,pending,not yet processed
10.1145/3410337,,,crossref,pending,not yet processed
,,2013,crossref,pending,not yet processed
10.23919/fmcad.2019.8894250,,,crossref,pending,not yet processed
,,,crossref,pending,not yet processed
10.1109/access.2019.2963711,,,crossref,pending,not yet processed
,,,crossref,pending,not yet processed
10.1109/asianhost.2018.8607163,,,crossref,pending,not yet processed
10.1109/tifs.2024.3431991,,,crossref,pending,not yet processed
10.1109/54.785838,,,crossref,pending,not yet processed
10.1109/54.867894,,,crossref,pending,not yet processed
10.23919/date.2019.8715163,,,crossref,pending,not yet processed
,Toward interactive grounded language acquisition,2013,crossref,pending,not yet processed
10.1109/tcds.2016.2615326,,,crossref,pending,not yet processed
10.1016/j.dsp.2021.103134,,,crossref,pending,not yet processed
10.1007/s11063-020-10311-x,,,crossref,pending,not yet processed
10.3390/app10020497,,,crossref,pending,not yet processed
10.1016/j.robot.2013.07.008,,,crossref,pending,not yet processed
10.1109/iros.2006.281720,,,crossref,pending,not yet processed
10.1109/iccv.2013.312,,,crossref,pending,not yet processed
10.1109/mcom.001.2001239,,,crossref,pending,not yet processed
10.1109/iros51168.2021.9635890,,,crossref,pending,not yet processed
10.1109/nsw.2011.6004632,,,crossref,pending,not yet processed
10.1093/bjps/iv.14.147,,,crossref,pending,not yet processed
10.1023/b:mind.0000021684.50925.c9,,,crossref,pending,not yet processed
10.1098/rspa.2009.0063,,,crossref,pending,not yet processed
10.1098/rsfs.2018.0041,,,crossref,pending,not yet processed
,,2004,crossref,pending,not yet processed
10.1017/cbo9780511597954,,,crossref,pending,not yet processed
10.1017/9781009217286,,,crossref,pending,not yet processed
,,1960,crossref,pending,not yet processed
,,1980,crossref,pending,not yet processed
10.1007/s11406-015-9624-4,,,crossref,pending,not yet processed
10.18494/sam.rap.2022.0009,,,crossref,pending,not yet processed
,,,crossref,pending,not yet processed
10.1002/j.1538-7305.1948.tb01338.x,,,crossref,pending,not yet processed
10.1016/j.comnet.2021.107930,,,crossref,pending,not yet processed
10.3390/electronics13153006,,,crossref,pending,not yet processed
10.1093/acprof:oso/9780199580828.001.0001,,,crossref,pending,not yet processed
,,,crossref,pending,not yet processed
10.1016/j.jai.2024.12.003,,,crossref,pending,not yet processed
,,2017,crossref,pending,not yet processed
,,2000,crossref,pending,not yet processed
10.1093/oxfordhb/9780198735410.013.7,,,crossref,pending,not yet processed
,,2021,crossref,pending,not yet processed
,,,crossref,pending,not yet processed
10.1109/icra40945.2020.9197289,,,crossref,pending,not yet processed
10.1109/icra.2012.6224637,,,crossref,pending,not yet processed
10.1109/tcds.2016.2594134,,,crossref,pending,not yet processed
10.3233/faia200374,,,crossref,pending,not yet processed
10.3389/frai.2023.1084740,,,crossref,pending,not yet processed
10.1016/j.artint.2015.08.009,,,crossref,pending,not yet processed
,"The theory of affordances. Perceiving, acting, and knowing: Toward an ecological psychology",1977,crossref,pending,not yet processed
10.1037/0012-1649.14.4.407,,,crossref,pending,not yet processed
10.3389/frobt.2021.476084,,,crossref,pending,not yet processed
,,2012,crossref,pending,not yet processed
10.1109/lra.2019.2933815,,,crossref,pending,not yet processed
10.1109/icra.2018.8460902,,,crossref,pending,not yet processed
,,2018,crossref,pending,not yet processed
10.1111/j.0956-7976.2005.00771.x,,,crossref,pending,not yet processed
,,1969,crossref,pending,not yet processed
10.1023/b:mind.0000005135.23580.9a,,,crossref,pending,not yet processed
10.1080/09528130412331294715,,,crossref,pending,not yet processed
10.1111/mila.12293,,,crossref,pending,not yet processed
,,2024,crossref,pending,not yet processed
10.1007/s11229-015-0824-z,,,crossref,pending,not yet processed
,Semantics as syntax,2017,crossref,pending,not yet processed
10.1007/s11023-018-9485-2,,,crossref,pending,not yet processed
,,1949,crossref,pending,not yet processed
10.1002/j.1538-7305.1928.tb01236.x,,,crossref,pending,not yet processed
,,2024,crossref,pending,not yet processed
10.1007/s11229-019-02297-4,,,crossref,pending,not yet processed
,,2022,crossref,pending,not yet processed
,,2024,crossref,pending,not yet processed
10.1016/b978-0-444-51667-1.50013-6,,,crossref,pending,not yet processed
10.1007/s10514-017-9637-x,,,crossref,pending,not yet processed
10.1145/3446370,,,crossref,pending,not yet processed
10.1515/9781400873296,,,crossref,pending,not yet processed
,,,crossref,pending,not yet processed
,,,crossref,pending,not yet processed
10.20965/jrm.2017.p0639,,,crossref,pending,not yet processed
10.1016/j.robot.2020.103567,,,crossref,pending,not yet processed
,,2023,crossref,pending,not yet processed
,,,crossref,pending,not yet processed
10.1109/tcds.2020.2983406,,,crossref,pending,not yet processed
10.1016/j.robot.2008.03.007,,,crossref,pending,not yet processed
10.1111/phc3.12033,,,crossref,pending,not yet processed
10.1007/s10846-017-0469-x,,,crossref,pending,not yet processed
10.1177/1059712307085098,,,crossref,pending,not yet processed
10.1016/j.robot.2015.11.001,,,crossref,pending,not yet processed
10.1007/s10514-023-10099-4,,,crossref,pending,not yet processed
10.7551/mitpress/11905.001.0001,,,crossref,pending,not yet processed
10.1007/s13194-012-0055-9,,,crossref,pending,not yet processed
10.1007/s10207-023-00801-z,,,crossref,pending,not yet processed
10.1007/s00521-021-06115-2,,,crossref,pending,not yet processed
10.1007/3-540-36400-5_4,,2003,crossref,pending,not yet processed
10.1109/jrfid.2022.3196662,,,crossref,pending,not yet processed
10.1109/tcad.2015.2424929,,,crossref,pending,not yet processed
10.1145/3489517.3530545,,2022,crossref,pending,not yet processed
10.1016/c2016-0-03251-5,,,crossref,pending,not yet processed
,,2009,crossref,pending,not yet processed
10.3390/s21165665,,,crossref,pending,not yet processed
10.1109/mm.2023.3300713,,,crossref,pending,not yet processed
10.1109/tifs.2011.2160170,,,crossref,pending,not yet processed
,,2010,crossref,pending,not yet processed
10.3390/s22176547,,,crossref,pending,not yet processed
,Integrated circuit security: An overview,2015,crossref,pending,not yet processed
,,2015,crossref,pending,not yet processed
10.1109/tcsii.2018.2858798,,,crossref,pending,not yet processed
10.1109/mdat.2014.2347918,,,crossref,pending,not yet processed
10.1007/s10836-013-5428-2,,,crossref,pending,not yet processed
,,2017,crossref,pending,not yet processed
,,2017,crossref,pending,not yet processed
,,2018,crossref,pending,not yet processed
10.1016/j.vlsi.2021.03.002,,,crossref,pending,not yet processed
,,,crossref,pending,not yet processed
,,2016,crossref,pending,not yet processed
10.1109/access.2020.2965016,,,crossref,pending,not yet processed
,,,crossref,pending,not yet processed
,,2022,crossref,pending,not yet processed
10.1109/mm.2024.3520996,,,crossref,pending,not yet processed
,Overview of meltdown and spectre patches and their impacts,2018,crossref,pending,not yet processed
10.1109/tetc.2021.3106252,,,crossref,pending,not yet processed
10.1145/3401980,,,crossref,pending,not yet processed
,,2013,crossref,pending,not yet processed
10.1007/978-1-4419-8080-9_15,,,crossref,pending,not yet processed
10.1109/hst.2011.5954999,,2011,crossref,pending,not yet processed
,,2016,crossref,pending,not yet processed
,,2020,crossref,pending,not yet processed
10.1109/tvlsi.2022.3171174,,,crossref,pending,not yet processed
10.1109/tc.2022.3230877,,,crossref,pending,not yet processed
10.1109/tetc.2020.3035521,,,crossref,pending,not yet processed
,,2021,crossref,pending,not yet processed
,,2023,crossref,pending,not yet processed
,,2024,crossref,pending,not yet processed
10.1109/tifs.2018.2866333,,,crossref,pending,not yet processed
,,2017,crossref,pending,not yet processed
10.1109/sp46214.2022.9833631,,2022,crossref,pending,not yet processed
10.1016/j.ijcip.2012.05.001,,,crossref,pending,not yet processed
10.1109/access.2020.2989735,,,crossref,pending,not yet processed
,,2014,crossref,pending,not yet processed
10.1109/tvlsi.2019.2933441,,,crossref,pending,not yet processed
10.3390/electronics12214507,Hardware-based methods for electronic device protection against invasive and non-invasive attacks,2023,crossref,pending,not yet processed
10.1109/access.2024.3479929,,,crossref,pending,not yet processed
10.1109/esscirc55480.2022.9911449,,2022,crossref,pending,not yet processed
,,2008,crossref,pending,not yet processed
10.1109/tvlsi.2022.3190236,,,crossref,pending,not yet processed
,,,crossref,pending,not yet processed
10.1109/mdat.2013.2249555,,,crossref,pending,not yet processed
,,2021,crossref,pending,not yet processed
,,2021,crossref,pending,not yet processed
,,2015,crossref,pending,not yet processed
10.23919/cje.2022.00.310,,,crossref,pending,not yet processed
10.1186/s13638-020-01808-z,Electromagnetic radiation-based IC device identification and verification using deep learning,2020,crossref,pending,not yet processed
10.1109/jiot.2022.3195736,,,crossref,pending,not yet processed
10.1109/tcad.2015.2449231,,,crossref,pending,not yet processed
10.1109/tifs.2023.3285490,,,crossref,pending,not yet processed
,,2020,crossref,pending,not yet processed
,,,crossref,pending,not yet processed
,,2023,crossref,pending,not yet processed
10.1145/2785956,,,crossref,pending,not yet processed
,,2021,crossref,pending,not yet processed
10.1145/3538394.3546042,,,crossref,pending,not yet processed
,,2020,crossref,pending,not yet processed
,,1939,crossref,pending,not yet processed
10.1109/ton,,,crossref,pending,not yet processed
,,2020,crossref,pending,not yet processed
10.1145/3556564.3558233,,,crossref,pending,not yet processed
10.1007/978--3-031--85960--1_19,,,crossref,pending,not yet processed
,,2022,crossref,pending,not yet processed
10.1145/3356250.3360044,,,crossref,pending,not yet processed
10.1109/meco.2017.7977160,,,crossref,pending,not yet processed
,,,crossref,pending,not yet processed
,,2011,crossref,pending,not yet processed
,,2012,crossref,pending,not yet processed
10.1145/3505253.3505258,,,crossref,pending,not yet processed
10.1109/icii.2018.00025,,,crossref,pending,not yet processed
,,2019,crossref,pending,not yet processed
,,2020,crossref,pending,not yet processed
10.1109/iciba52610.2021.9687994,,,crossref,pending,not yet processed
10.1145/3634737.3645002,,,crossref,pending,not yet processed
10.1109/icscna58489.2023.10370221,,,crossref,pending,not yet processed
10.1109/meco.2019.8760188,,,crossref,pending,not yet processed
10.1109/nigercon54645.2022.9803126,,,crossref,pending,not yet processed
10.1145/2461446.2461457,,,crossref,pending,not yet processed
10.1109/hsi.2009.5091051,,,crossref,pending,not yet processed
10.6028/nist.sp.800-82r3,,,crossref,pending,not yet processed
10.3390/s24165295,,,crossref,pending,not yet processed
10.1109/incet57972.2023.10170520,,,crossref,pending,not yet processed
10.1109/jiot.2024.3361914,,,crossref,pending,not yet processed
,,2015,crossref,pending,not yet processed
10.1016/j.jhydrol.2013.11.063,,,crossref,pending,not yet processed
10.5194/gc-3-263-2020,,,crossref,pending,not yet processed
,,,crossref,pending,not yet processed
10.1207/s15326969eco05011,,,crossref,pending,not yet processed
,,2024,crossref,pending,not yet processed
10.1016/j.jenvman.2019.06.126,,,crossref,pending,not yet processed
10.2172/1415279,,,crossref,pending,not yet processed
,,2022,crossref,pending,not yet processed
,,2024,crossref,pending,not yet processed
10.14207/ejsd.2019.v8n1p401,,,crossref,pending,not yet processed
,,2022,crossref,pending,not yet processed
10.1023/a:1026362829781,,,crossref,pending,not yet processed
,,2013,crossref,pending,not yet processed
10.1111/joss.12052,,,crossref,pending,not yet processed
,,,crossref,pending,not yet processed
,,2017,crossref,pending,not yet processed
10.3390/w8070305,,,crossref,pending,not yet processed
,,2022,crossref,pending,not yet processed
10.1109/tc.2020.2988404,,,crossref,pending,not yet processed
,,2023,crossref,pending,not yet processed
,,2023,crossref,pending,not yet processed
,,2017,crossref,pending,not yet processed
,,2024,crossref,pending,not yet processed
,,2024,crossref,pending,not yet processed
,,2025,crossref,pending,not yet processed
,,2023,crossref,pending,not yet processed
10.1007/s10836-018-5734-9,Test and Reliability,2018,crossref,pending,not yet processed
,,,crossref,pending,not yet processed
,,2024,crossref,pending,not yet processed
,,2020,crossref,pending,not yet processed
,,2020,crossref,pending,not yet processed
,,2021,crossref,pending,not yet processed
,,2021,crossref,pending,not yet processed
,,2021,crossref,pending,not yet processed
,,2015,crossref,pending,not yet processed
,,2020,crossref,pending,not yet processed
10.1109/mitp.2023.3264849,,,crossref,pending,not yet processed
,,2024,crossref,pending,not yet processed
,,2023,crossref,pending,not yet processed
,,2023,crossref,pending,not yet processed
,,2022,crossref,pending,not yet processed
,,2024,crossref,pending,not yet processed
,,2023,crossref,pending,not yet processed
,,2018,crossref,pending,not yet processed
10.1109/jproc.2020.3030121,,,crossref,pending,not yet processed
10.1109/access.2023.3264016,,,crossref,pending,not yet processed
10.1016/j.sysarc.2022.102514,,,crossref,pending,not yet processed
,,2012,crossref,pending,not yet processed
,,2021,crossref,pending,not yet processed
10.1016/j.diin.2019.03.002,,,crossref,pending,not yet processed
10.1145/3645109,Timing Side-Channel Attacks and Countermeasures,2024,crossref,pending,not yet processed
,,2018,crossref,pending,not yet processed
10.1109/tifs.2021.3106169,,,crossref,pending,not yet processed
,,2025,crossref,pending,not yet processed
10.1109/mcas.2021.3092532,,,crossref,pending,not yet processed
10.1007/s11390-023-2537-y,,,crossref,pending,not yet processed
,,2023,crossref,pending,not yet processed
,,2019,crossref,pending,not yet processed
,,2022,crossref,pending,not yet processed
,,2010,crossref,pending,not yet processed
,,2014,crossref,pending,not yet processed
10.1109/access.2020.3005286,,,crossref,pending,not yet processed
,,2018,crossref,pending,not yet processed
10.1109/tc.2020.2973150,,,crossref,pending,not yet processed
,,2016,crossref,pending,not yet processed
,,2020,crossref,pending,not yet processed
,AxOSpike,2024,crossref,pending,not yet processed
10.1109/tiv.2023.3326736,Cybersecurity on connected and automated transportation systems: A survey,2023,crossref,pending,not yet processed
,,2024,crossref,pending,not yet processed
10.1109/jiot.2020.2967568,MARINE: Man-in-the-middle attack resistant trust model in connected vehicles,2020,crossref,pending,not yet processed
,,2021,crossref,pending,not yet processed
10.3390/app13105871,A review of digital twin technology for electric and autonomous vehicles,2023,crossref,pending,not yet processed
10.1016/j.dt.2024.06.009,,,crossref,pending,not yet processed
10.1109/mcom.2016.7402268,Information-centric networking for connected vehicles: A survey and future perspectives,2016,crossref,pending,not yet processed
10.1109/access.2019.2950372,Distributed holistic framework for smart city infrastructures: Tale of interdependent electrified transportation network and power grid,2019,crossref,pending,not yet processed
,,2023,crossref,pending,not yet processed
10.1049/iet-net.2018.5171,"Trusted FPGA-based transport traffic inject, impersonate (I2) attacks beaconing in the internet of vehicles",2019,crossref,pending,not yet processed
,,2023,crossref,pending,not yet processed
10.1109/tits.2021.3095015,Performance evaluation for secure communications in mobile internet of vehicles with joint reactive jamming and eavesdropping attacks,2021,crossref,pending,not yet processed
,Information security risks analysis and assessment in the passenger-autonomous vehicle interaction.,2022,crossref,pending,not yet processed
,A threat analysis of the vehicle-to-grid charging protocol ISO 15118,2018,crossref,pending,not yet processed
10.1049/gtd2.12275,Exploring cybersecurity issues in 5G enabled electric vehicle charging station with deep learning,2021,crossref,pending,not yet processed
,,2024,crossref,pending,not yet processed
,,,crossref,pending,not yet processed
10.1145/3549036.3562058,,2022,crossref,pending,not yet processed
,,,crossref,pending,not yet processed
10.1016/j.rser.2023.113401,"Towards cyber security for low-carbon transportation: Overview, challenges and future directions",2023,crossref,pending,not yet processed
,,,crossref,pending,not yet processed
10.1109/access.2020.3045367,"Cybersecurity of onboard charging systems for electric vehicles—Review, challenges and countermeasures",2020,crossref,pending,not yet processed
,,2011,crossref,pending,not yet processed
10.1109/tiv.2023.3332675,Federated learning for connected and automated vehicles: A survey of existing approaches and challenges,2023,crossref,pending,not yet processed
,,2018,crossref,pending,not yet processed
10.1177/0361198118799034,,,crossref,pending,not yet processed
10.4271/j3016_202104,,,crossref,pending,not yet processed
,,2022,crossref,pending,not yet processed
10.1109/comst.2016.2548426,A survey of man in the middle attacks,2016,crossref,pending,not yet processed
,,,crossref,pending,not yet processed
,,2022,crossref,pending,not yet processed
,,,crossref,pending,not yet processed
10.4271/2016-01-8142,,,crossref,pending,not yet processed
,,2020,crossref,pending,not yet processed
,Cybersecurity of plug-in electric vehicles: Cyberattack detection during charging,2020,crossref,pending,not yet processed
10.3390/electronics13132654,Cybersecurity in autonomous vehicles—Are we ready for the challenge?,2024,crossref,pending,not yet processed
10.1016/j.trd.2022.103472,Autonomous electric vehicles can reduce carbon emissions and air pollution in cities,2022,crossref,pending,not yet processed
,,2023,crossref,pending,not yet processed
,,2013,crossref,pending,not yet processed
,,,crossref,pending,not yet processed
,26262: Road vehicles-functional safety,2011,crossref,pending,not yet processed
,,2018,crossref,pending,not yet processed
10.1109/comst.2022.3184448,Electric vehicle charging: A survey on the security issues and challenges of the open charge point protocol (OCPP),2022,crossref,pending,not yet processed
,,,crossref,pending,not yet processed
10.1007/978-3-540-24638-1_15,,2004,crossref,pending,not yet processed
10.1145/3524454,Coordinated charging and discharging of electric vehicles: A new class of switching attacks,2022,crossref,pending,not yet processed
10.1016/j.comnet.2019.107093,Security issues and challenges in V2X: A survey,2020,crossref,pending,not yet processed
10.1109/ojvt.2023.3265363,Cybersecurity of autonomous vehicles: A systematic literature review of adversarial attacks and defense models,2023,crossref,pending,not yet processed
,,2023,crossref,pending,not yet processed
,,2019,crossref,pending,not yet processed
,,2015,crossref,pending,not yet processed
,,2015,crossref,pending,not yet processed
,,2020,crossref,pending,not yet processed
10.1504/ijahuc.2014.066419,,,crossref,pending,not yet processed
10.1109/mvt.2017.2736344,Security solutions for the controller area network: Bringing authentication to in-vehicle networks,2018,crossref,pending,not yet processed
10.1109/gpecom55404.2022.9815727,,2022,crossref,pending,not yet processed
10.1016/j.comnet.2019.107094,Cyber-security on smart grid: Threats and potential solutions,2020,crossref,pending,not yet processed
10.1109/tte.2020.3044524,,,crossref,pending,not yet processed
10.1177/03611981221092720,Maturity in automated driving on public roads: A review of the six-year autonomous vehicle tester program,2022,crossref,pending,not yet processed
10.1109/access.2023.3307473,An investigation of cyber-attacks and security mechanisms for connected and autonomous vehicles,2023,crossref,pending,not yet processed
10.1016/j.comnet.2020.107343,Secure over-the-air software updates in connected vehicles: A survey,2020,crossref,pending,not yet processed
,,2024,crossref,pending,not yet processed
10.1016/j.eng.2023.10.005,Toward trustworthy decision-making for autonomous vehicles: A robust reinforcement learning approach with safety guarantees,2024,crossref,pending,not yet processed
,,2021,crossref,pending,not yet processed
10.1080/19427867.2022.2070091,"Innovations impacting the future of transportation: An overview of connected, automated, shared, and electric technologies",2023,crossref,pending,not yet processed
10.1109/access.2018.2812176,LNSC: A security model for electric vehicle and charging pile management based on blockchain ecosystem,2018,crossref,pending,not yet processed
,,2008,crossref,pending,not yet processed
10.3390/electronics10161917,Fedresilience: A federated learning application to improve resilience of resource-constrained critical infrastructures,2021,crossref,pending,not yet processed
10.1109/jiot.2021.3095077,A survey on federated learning for resource-constrained IoT devices,2021,crossref,pending,not yet processed
,,,crossref,pending,not yet processed
,,2022,crossref,pending,not yet processed
,,2022,crossref,pending,not yet processed
,,,crossref,pending,not yet processed
,,2022,crossref,pending,not yet processed
10.1109/lsens.2022.3153931,Hybrid quantum-classical neural network for cloud-supported in-vehicle cyberattack detection,2022,crossref,pending,not yet processed
10.1177/0361198118799012,Cybersecurity attacks in vehicle-to-infrastructure applications and their prevention,2018,crossref,pending,not yet processed
10.1109/tii.2022.3203707,An intelligent privacy preservation scheme for EV charging infrastructure,2022,crossref,pending,not yet processed
,,2023,crossref,pending,not yet processed
10.1109/mnet.001.1900008,Blockchain empowered wireless power transfer for green and secure internet of things,2019,crossref,pending,not yet processed
10.1002/acs.3032,An adaptive learning and control architecture for mitigating sensor and actuator attacks in connected autonomous vehicle platoons,2019,crossref,pending,not yet processed
10.3390/en15113931,"Review of electric vehicle charger cybersecurity vulnerabilities, potential impacts, and defenses",2022,crossref,pending,not yet processed
10.1109/tsg.2021.3083696,A two-stage protection method for detection and mitigation of coordinated EVSE switching attacks,2021,crossref,pending,not yet processed
,Electric vehicle penetration and its impact on global oil demand: A survey of 2019 forecast trends,2019,crossref,pending,not yet processed
,,2019,crossref,pending,not yet processed
,,2021,crossref,pending,not yet processed
,,2023,crossref,pending,not yet processed
10.1109/lsens.2020.2993522,Long short-term memory neural network-based attack detection model for in-vehicle network security,2020,crossref,pending,not yet processed
,,2022,crossref,pending,not yet processed
10.1016/j.cose.2020.102150,Cybersecurity for autonomous vehicles: Review of attacks and defense,2021,crossref,pending,not yet processed
10.1016/j.infsof.2008.09.009,,,crossref,pending,not yet processed
10.1109/sp.2010.34,,2010,crossref,pending,not yet processed
10.1016/j.micpro.2020.103352,Black hole attack detection in vehicular ad-hoc network using secure AODV routing algorithm,2021,crossref,pending,not yet processed
10.1109/tits.2024.3474469,,,crossref,pending,not yet processed
,,2021,crossref,pending,not yet processed
,,2022,crossref,pending,not yet processed
10.1109/access.2021.3050038,A survey on the current security landscape of intelligent transportation systems,2021,crossref,pending,not yet processed
10.1016/j.aap.2018.09.016,Influence of cyber-attacks on longitudinal safety of connected and automated vehicles,2018,crossref,pending,not yet processed
10.1016/j.vehcom.2022.100515,A systematic survey of attack detection and prevention in connected and autonomous vehicles,2022,crossref,pending,not yet processed
10.1109/access.2025.3528562,,,crossref,pending,not yet processed
,,2022,crossref,pending,not yet processed
,,2022,crossref,pending,not yet processed
10.1007/978-3-030-65722-2_14,,,crossref,pending,not yet processed
,,,crossref,pending,not yet processed
,,2023,crossref,pending,not yet processed
,,2021,crossref,pending,not yet processed
,,,crossref,pending,not yet processed
10.1109/ojits.2024.3440876,,,crossref,pending,not yet processed
,Remote exploitation of an unaltered passenger vehicle,2015,crossref,pending,not yet processed
10.1145/3394810.3394822,,2020,crossref,pending,not yet processed
,The Road to Full Autonomous Driving: Mobileye and STMicroelectronics to Develop EyeQ5 System-on-Chip Targeting Sensor Fusion Central Computer for Autonomous Vehicles,2016,crossref,pending,not yet processed
,,,crossref,pending,not yet processed
,,2018,crossref,pending,not yet processed
10.3390/app13053014,Aspects of cyber security in autonomous and connected vehicles,2023,crossref,pending,not yet processed
10.3390/en16031113,Emerging cybersecurity and privacy threats to electric vehicles and their impact on human and environmental sustainability,2023,crossref,pending,not yet processed
10.1088/2516-1083/abe0ad,The rise of electric vehicles—2020 status and future expectations,2021,crossref,pending,not yet processed
10.1109/tvt.2018.2795384,Security shortcomings and countermeasures for the SAE J1939 commercial vehicle bus protocol,2018,crossref,pending,not yet processed
10.1049/itr2.12504,Cyber security analysis of connected vehicles,2024,crossref,pending,not yet processed
10.1109/mwc.2019.1800503,"Internet of autonomous vehicles communications security: Overview, issues, and directions",2019,crossref,pending,not yet processed
,,,crossref,pending,not yet processed
,,,crossref,pending,not yet processed
,Free-fall: Hacking tesla from wireless to can bus,2017,crossref,pending,not yet processed
,,,crossref,pending,not yet processed
,,,crossref,pending,not yet processed
10.6028/nist.cswp.29,,,crossref,pending,not yet processed
10.1145/3309171.3309173,,2019,crossref,pending,not yet processed
10.1109/access.2024.3355547,A comprehensive survey: Evaluating the efficiency of artificial intelligence and machine learning techniques on cyber security solutions,2024,crossref,pending,not yet processed
10.3390/electronics10151765,Cybersecurity in automotive: An intrusion detection system in connected vehicles,2021,crossref,pending,not yet processed
,,2023,crossref,pending,not yet processed
10.1016/j.infsof.2015.03.007,,,crossref,pending,not yet processed
10.1007/s11277-017-4770-6,Mitigation and performance analysis of routing protocols under black-hole attack in vehicular ad-hoc network (VANET),2017,crossref,pending,not yet processed
,,2022,crossref,pending,not yet processed
,,2019,crossref,pending,not yet processed
,,,crossref,pending,not yet processed
,,2010,crossref,pending,not yet processed
10.1109/access.2023.3304331,A novel hybrid quantum-classical framework for an in-vehicle controller area network intrusion detection,2023,crossref,pending,not yet processed
10.1109/jiot.2022.3152477,A review on cybersecurity of cloud computing for supporting connected vehicle applications,2022,crossref,pending,not yet processed
,,2016,crossref,pending,not yet processed
,,,crossref,pending,not yet processed
10.6028/nist.ir.8527,,,crossref,pending,not yet processed
,,,crossref,pending,not yet processed
,,,crossref,pending,not yet processed
,,,crossref,pending,not yet processed
,,,crossref,pending,not yet processed
10.1109/jiot.2023.3299554,Essential technics of cybersecurity for intelligent connected vehicles: Comprehensive review and perspective,2023,crossref,pending,not yet processed
10.1109/tits.2023.3307660,Evaluation framework for electric vehicle security risk assessment,2023,crossref,pending,not yet processed
,,2014,crossref,pending,not yet processed
,,2022,crossref,pending,not yet processed
,,2023,crossref,pending,not yet processed
10.1016/j.segan.2021.100477,Disrupting the power grid via EV charging: The impact of the SMS phishing attacks,2021,crossref,pending,not yet processed
10.1016/j.iatssr.2018.05.005,,,crossref,pending,not yet processed
,A survey on cyber-security of connected and autonomous vehicles (CAVs),2021,crossref,pending,not yet processed
10.1016/j.comcom.2024.02.024,,,crossref,pending,not yet processed
10.3390/en15186580,A review on emerging communication and computational technologies for increased use of plug-in electric vehicles,2022,crossref,pending,not yet processed
,,,crossref,pending,not yet processed
,,2019,crossref,pending,not yet processed
,,2018,crossref,pending,not yet processed
10.1145/3711681,"Location privacy schemes in vehicular networks: Taxonomy, comparative analysis, design challenges, and future opportunities",2025,crossref,pending,not yet processed
,,2014,crossref,pending,not yet processed
,CARAMEL: Results on a secure architecture for connected and autonomous vehicles detecting GPS spoofing attacks,2021,crossref,pending,not yet processed
10.1109/mcom.2017.1700360,,,crossref,pending,not yet processed
10.4271/9781468600810,,2021,crossref,pending,not yet processed
,A practical wireless attack on the connected car and security protocol for in-vehicle CAN,2014,crossref,pending,not yet processed
,Risks of cyber threats and developing robust security protocols within electric vehicle charging infrastructure,2022,crossref,pending,not yet processed
,,2022,crossref,pending,not yet processed
,,2023,crossref,pending,not yet processed
10.1109/tits.2023.3269029,Anomaly detection against GPS spoofing attacks on connected and autonomous vehicles using learning from demonstration,2023,crossref,pending,not yet processed
,,2023,crossref,pending,not yet processed
10.1016/j.compind.2021.103458,,,crossref,pending,not yet processed
10.1016/j.future.2016.06.034,,,crossref,pending,not yet processed
10.1145/3032970.3032983,,2017,crossref,pending,not yet processed
10.1007/s11227-019-03104-0,A survey of local differential privacy for securing internet of vehicles,2020,crossref,pending,not yet processed
,,2019,crossref,pending,not yet processed
10.1109/iedm19573.2019.8993618,,,crossref,pending,not yet processed
10.1126/sciadv.abn7753,,,crossref,pending,not yet processed
10.1109/iedm13553.2020.9372107,,,crossref,pending,not yet processed
10.1109/vlsit.2018.8510624,,,crossref,pending,not yet processed
10.1038/s41928-018-0039-7,,,crossref,pending,not yet processed
10.1007/978-3-319-28166-7_29,,,crossref,pending,not yet processed
10.1109/dac18072.2020.9218491,,,crossref,pending,not yet processed
,"Attention is all you need. NIPS’17, page 6000-6010",2017,crossref,pending,not yet processed
10.23919/date58400.2024.10546697,,,crossref,pending,not yet processed
10.1109/jssc.2016.2636859,,,crossref,pending,not yet processed
10.1038/nmat4756,,,crossref,pending,not yet processed
10.1038/s41928-018-0115-z,,,crossref,pending,not yet processed
10.1109/isscc19947.2020.9062953,,,crossref,pending,not yet processed
10.3390/s19051141,,,crossref,pending,not yet processed
10.1016/j.heliyon.2024.e37577,,,crossref,pending,not yet processed
10.1109/les.2023.3299214,,,crossref,pending,not yet processed
,Arty a7: Artix-7 fpga development board,2024,crossref,pending,not yet processed
,,2025,crossref,pending,not yet processed
,,,crossref,pending,not yet processed
,,,crossref,pending,not yet processed
,,,crossref,pending,not yet processed
,,,crossref,pending,not yet processed
,,,crossref,pending,not yet processed
,,,crossref,pending,not yet processed
,,,crossref,pending,not yet processed
,,,crossref,pending,not yet processed
,,,crossref,pending,not yet processed
,,,crossref,pending,not yet processed
,,,crossref,pending,not yet processed
,,,crossref,pending,not yet processed
,,,crossref,pending,not yet processed
,,,crossref,pending,not yet processed
,,,crossref,pending,not yet processed
,,,crossref,pending,not yet processed
,,,crossref,pending,not yet processed
,,,crossref,pending,not yet processed
,,,crossref,pending,not yet processed
,,,crossref,pending,not yet processed
,,,crossref,pending,not yet processed
,,,crossref,pending,not yet processed
,,,crossref,pending,not yet processed
,,,crossref,pending,not yet processed
,,,crossref,pending,not yet processed
,,,crossref,pending,not yet processed
,,2024,crossref,pending,not yet processed
,,,crossref,pending,not yet processed
,,,crossref,pending,not yet processed
,,,crossref,pending,not yet processed
,,,crossref,pending,not yet processed
,,,crossref,pending,not yet processed
,,,crossref,pending,not yet processed
,,2023,crossref,pending,not yet processed
10.1609/aaai.v38i16.29720,,,crossref,pending,not yet processed
,,,crossref,pending,not yet processed
,The cyber grand challenge and the future of cyber-autonomy,2018,crossref,pending,not yet processed
,,2017,crossref,pending,not yet processed
,,2024,crossref,pending,not yet processed
,,2025,crossref,pending,not yet processed
,,,crossref,pending,not yet processed
10.1145/3626772.3657834,,,crossref,pending,not yet processed
,,2024,crossref,pending,not yet processed
10.1145/3597926.3598067,,,crossref,pending,not yet processed
10.1145/3597503.3623343,,,crossref,pending,not yet processed
,,2024,crossref,pending,not yet processed
,,2023,crossref,pending,not yet processed
10.1145/3611643.3613083,,,crossref,pending,not yet processed
,,2020,crossref,pending,not yet processed
,,2024,crossref,pending,not yet processed
,,,crossref,pending,not yet processed
,,2024,crossref,pending,not yet processed
,,2023,crossref,pending,not yet processed
10.1016/j.cose.2022.103009,,,crossref,pending,not yet processed
10.1016/j.jnca.2019.102470,,,crossref,pending,not yet processed
,,2025,crossref,pending,not yet processed
,,,crossref,pending,not yet processed
,,2024,crossref,pending,not yet processed
,,2025,crossref,pending,not yet processed
,,2025,crossref,pending,not yet processed
,,2024,crossref,pending,not yet processed
10.14722/ndss.2025.241357,,,crossref,pending,not yet processed
,,,crossref,pending,not yet processed
10.1109/icse55347.2025.00027,,,crossref,pending,not yet processed
10.14722/ndss.2024.24556,,,crossref,pending,not yet processed
10.1109/sp46215.2023.10179420,,,crossref,pending,not yet processed
,,2024,crossref,pending,not yet processed
,,2024,crossref,pending,not yet processed
,,2021,crossref,pending,not yet processed
,,2021,crossref,pending,not yet processed
,,2024,crossref,pending,not yet processed
10.1145/3597503.3639117,,,crossref,pending,not yet processed
,,2023,crossref,pending,not yet processed
10.1145/3564625.3567985,,,crossref,pending,not yet processed
10.1109/ciees62939.2024.10811132,,,crossref,pending,not yet processed
,,2024,crossref,pending,not yet processed
,,2023,crossref,pending,not yet processed
,,,crossref,pending,not yet processed
,,,crossref,pending,not yet processed
,,2020,crossref,pending,not yet processed
,,2024,crossref,pending,not yet processed
,,2018,crossref,pending,not yet processed
,,2023,crossref,pending,not yet processed
,,2024,crossref,pending,not yet processed
,,2023,crossref,pending,not yet processed
,,2024,crossref,pending,not yet processed
,,2022,crossref,pending,not yet processed
,,2023,crossref,pending,not yet processed
,,2024,crossref,pending,not yet processed
,,2024,crossref,pending,not yet processed
,,,crossref,pending,not yet processed
,,,crossref,pending,not yet processed
10.1145/2976749.2978318,,,crossref,pending,not yet processed
10.1109/sose.2014.50,,,crossref,pending,not yet processed
10.1007/978-3-030-26951-7_22,,,crossref,pending,not yet processed
,,2018,crossref,pending,not yet processed
10.1145/3569951.3597559,,,crossref,pending,not yet processed
,,,crossref,pending,not yet processed
10.1145/2633600,,,crossref,pending,not yet processed
10.1109/sp46214.2022.9833649,,,crossref,pending,not yet processed
10.1201/9781003456285,,,crossref,pending,not yet processed
,,,crossref,pending,not yet processed
10.1007/978-3-319-70694-8_15,,,crossref,pending,not yet processed
10.1007/s00145-019-09319-x,,,crossref,pending,not yet processed
10.1145/3581784.3607099,,,crossref,pending,not yet processed
10.48550/arxiv.2501.12948,,,crossref,pending,not yet processed
,,,crossref,pending,not yet processed
,,,crossref,pending,not yet processed
,,,crossref,pending,not yet processed
,,,crossref,pending,not yet processed
,,,crossref,pending,not yet processed
10.1007/11681878_14,,,crossref,pending,not yet processed
10.1137/1.9781611975482.151,,,crossref,pending,not yet processed
10.3390/fi13040094,,,crossref,pending,not yet processed
,,2020,crossref,pending,not yet processed
10.1090/conm/168/01688,,,crossref,pending,not yet processed
10.1007/s11257-016-9177-7,,,crossref,pending,not yet processed
,,2009,crossref,pending,not yet processed
10.5555/975541,,,crossref,pending,not yet processed
10.1145/3335741.3335749,,,crossref,pending,not yet processed
10.3390/e24040519,,,crossref,pending,not yet processed
10.1109/cvpr.2016.90,,,crossref,pending,not yet processed
10.1109/sc41404.2022.00016,,,crossref,pending,not yet processed
10.1109/bigdata50022.2020.9377989,,,crossref,pending,not yet processed
,,,crossref,pending,not yet processed
10.4097/kjae.2017.70.2.144,,,crossref,pending,not yet processed
10.1145/3387108,,,crossref,pending,not yet processed
10.5626/jcse.2015.9.3.119,,,crossref,pending,not yet processed
10.1109/sc.2018.00068,,,crossref,pending,not yet processed
,,2015,crossref,pending,not yet processed
,,,crossref,pending,not yet processed
10.1109/csf.2017.11,,,crossref,pending,not yet processed
,,2017,crossref,pending,not yet processed
10.1109/mascots53633.2021.9614297,,,crossref,pending,not yet processed
10.1145/2046660.2046682,,,crossref,pending,not yet processed
10.1109/sp.2019.00065,,,crossref,pending,not yet processed
,,,crossref,pending,not yet processed
,,,crossref,pending,not yet processed
10.1145/1250790.1250803,,,crossref,pending,not yet processed
,,,crossref,pending,not yet processed
10.1145/359340.359342,,,crossref,pending,not yet processed
10.1073/pnas.2003714117,,,crossref,pending,not yet processed
10.1109/sp.2017.41,,,crossref,pending,not yet processed
10.1109/jns2.2012.6249248,,,crossref,pending,not yet processed
10.1007/978-3-030-58951-6_24,,,crossref,pending,not yet processed
,,,crossref,pending,not yet processed
10.1007/978-3-642-13190-5_2,,,crossref,pending,not yet processed
,,2023,crossref,pending,not yet processed
,,2019,crossref,pending,not yet processed
10.1109/sfcs.1982.38,,,crossref,pending,not yet processed
,,2020,crossref,pending,not yet processed
10.1109/icpp.2014.36,,,crossref,pending,not yet processed
,,,crossref,pending,not yet processed
10.1145/3517428.3550386,,,crossref,pending,not yet processed
10.1017/pds.2022.123,,,crossref,pending,not yet processed
10.1017/dsd.2020.332,,,crossref,pending,not yet processed
10.1145/3464385.3464715,,,crossref,pending,not yet processed
,,2021,crossref,pending,not yet processed
,,,crossref,pending,not yet processed
10.1145/2702123.2702525,,,crossref,pending,not yet processed
10.1145/2661334.2661345,,,crossref,pending,not yet processed
,,,crossref,pending,not yet processed
,,,crossref,pending,not yet processed
,,2016,crossref,pending,not yet processed
10.1016/j.addma.2014.08.005,,,crossref,pending,not yet processed
,,2022,crossref,pending,not yet processed
10.1145/3586183.3606723,,,crossref,pending,not yet processed
10.1145/3593013.3593989,,,crossref,pending,not yet processed
10.1016/j.cad.2015.04.001,,,crossref,pending,not yet processed
10.1145/3597638.3614548,,,crossref,pending,not yet processed
10.1145/3708557.3716347,,,crossref,pending,not yet processed
10.1108/jat-10-2014-0027,,,crossref,pending,not yet processed
10.1145/3544548.3581249,,,crossref,pending,not yet processed
,,2022,crossref,pending,not yet processed
10.1145/3597638.3608393,,,crossref,pending,not yet processed
10.1145/2982142.2982181,,,crossref,pending,not yet processed
10.1145/3173574.3173875,,,crossref,pending,not yet processed
10.1145/2858036.2858340,,,crossref,pending,not yet processed
10.1145/3411764.3445707,,,crossref,pending,not yet processed
10.1145/3290605.3300544,,,crossref,pending,not yet processed
10.1145/2598510.2598530,,,crossref,pending,not yet processed
,,2016,crossref,pending,not yet processed
10.15453/2168-6408.1751,,,crossref,pending,not yet processed
10.1145/2485760.2485883,,,crossref,pending,not yet processed
10.1145/2049536.2049541,,,crossref,pending,not yet processed
10.1145/2723869,,,crossref,pending,not yet processed
,,,crossref,pending,not yet processed
,Point-of-Care Manufacturing”: Maker Perspectives on Digital Fabrication in Medical Practice,2019,crossref,pending,not yet processed
10.1145/3613904.3642218,,,crossref,pending,not yet processed
10.1145/3597638.3614492,,,crossref,pending,not yet processed
10.1145/3663548.3688506,,,crossref,pending,not yet processed
,,,crossref,pending,not yet processed
10.1145/2559206.2581334,,,crossref,pending,not yet processed
10.1145/3563657.3596098,,,crossref,pending,not yet processed
,,,crossref,pending,not yet processed
10.1145/1878803.1878807,,,crossref,pending,not yet processed
,,2019,crossref,pending,not yet processed
10.1145/3662731,,,crossref,pending,not yet processed
10.54337/ojs.jpblhe.v11i2.7667,,,crossref,pending,not yet processed
10.1145/2982142.2982162,,,crossref,pending,not yet processed
10.1145/3663548.3688513,,,crossref,pending,not yet processed
,,,crossref,pending,not yet processed
,,,crossref,pending,not yet processed
10.5555/3600270.3602913,,,crossref,pending,not yet processed
10.1145/3537676,,,crossref,pending,not yet processed
,,2024,crossref,pending,not yet processed
,,,crossref,pending,not yet processed
10.1155/2022/4241907,,,crossref,pending,not yet processed
10.1038/sj.sc.3101638,,,crossref,pending,not yet processed
10.1145/3334480.3375150,,,crossref,pending,not yet processed
10.1145/3411764.3445220,,,crossref,pending,not yet processed
10.1080/17483107.2023.2177754,,,crossref,pending,not yet processed
10.1080/17452759.2018.1426328,,,crossref,pending,not yet processed
10.1145/3613904.3642919,,,crossref,pending,not yet processed
10.1145/3503161.3547733,,,crossref,pending,not yet processed
10.1155/2022/8243128,,,crossref,pending,not yet processed
,,,crossref,pending,not yet processed
10.1145/3025453.3026045,,,crossref,pending,not yet processed
,,,crossref,pending,not yet processed
,,2025,crossref,pending,not yet processed
,,2020,crossref,pending,not yet processed
,,,crossref,pending,not yet processed
,,2022,crossref,pending,not yet processed
,,,crossref,pending,not yet processed
10.1145/3411764.3445752,,,crossref,pending,not yet processed
,,,crossref,pending,not yet processed
,,,crossref,pending,not yet processed
,,2018,crossref,pending,not yet processed
10.1145/3134659,,,crossref,pending,not yet processed
10.1145/3359202,,,crossref,pending,not yet processed
10.1191/1478088706qp063oa,,,crossref,pending,not yet processed
,,1995,crossref,pending,not yet processed
,,,crossref,pending,not yet processed
10.1145/3491102.3517475,,,crossref,pending,not yet processed
10.1007/s10606-024-09498-7,,,crossref,pending,not yet processed
10.1177/1555412015587603,,,crossref,pending,not yet processed
10.1145/2207676.2208589,,,crossref,pending,not yet processed
10.1145/3173574.3173785,,,crossref,pending,not yet processed
,,,crossref,pending,not yet processed
10.1145/3415226,,,crossref,pending,not yet processed
10.1177/1461444816635778,,,crossref,pending,not yet processed
10.1145/3452918.3458805,,,crossref,pending,not yet processed
10.1145/3432938,,,crossref,pending,not yet processed
10.1145/3512932,,,crossref,pending,not yet processed
10.1145/3334480.3382923,,,crossref,pending,not yet processed
10.1145/3505270.3558359,,,crossref,pending,not yet processed
,,,crossref,pending,not yet processed
,,,crossref,pending,not yet processed
10.1109/ismar-adjunct60411.2023.00077,,,crossref,pending,not yet processed
10.1145/3411764.3445778,,,crossref,pending,not yet processed
10.1145/3338243,,,crossref,pending,not yet processed
10.1145/3491102.3517505,,,crossref,pending,not yet processed
10.1145/3610080,,,crossref,pending,not yet processed
10.1145/3637394,,,crossref,pending,not yet processed
10.1145/3686929,,,crossref,pending,not yet processed
10.1145/3173574.3174160,,,crossref,pending,not yet processed
10.1177/15248380221079660,A Systematic Review Exploring Variables Related to Bystander Intervention in Sexual Violence Contexts,2022,crossref,pending,not yet processed
10.48550/arxiv.2104.05030,,,crossref,pending,not yet processed
10.1073/pnas.1813486116,,,crossref,pending,not yet processed
,,,crossref,pending,not yet processed
,When Can I help,2012,crossref,pending,not yet processed
10.1145/3290605.3300794,,,crossref,pending,not yet processed
,,,crossref,pending,not yet processed
10.1145/2957276.2957297,,,crossref,pending,not yet processed
,,,crossref,pending,not yet processed
10.1145/3544548.3581329,,,crossref,pending,not yet processed
10.1145/3610027,,,crossref,pending,not yet processed
10.1145/3544548.3581090,,,crossref,pending,not yet processed
10.1145/3610172,,,crossref,pending,not yet processed
10.1177/1461444818821316,,,crossref,pending,not yet processed
10.1109/vr.2017.7892258,,,crossref,pending,not yet processed
,,,crossref,pending,not yet processed
,,,crossref,pending,not yet processed
10.1145/3411764.3445154,,,crossref,pending,not yet processed
10.1145/3359220,,,crossref,pending,not yet processed
,,,crossref,pending,not yet processed
10.1145/3563657.3596057,,,crossref,pending,not yet processed
10.1177/15554120211026257,,,crossref,pending,not yet processed
10.1145/2998181.2998337,,,crossref,pending,not yet processed
,,,crossref,pending,not yet processed
,,2023,crossref,pending,not yet processed
10.1145/3677080,,,crossref,pending,not yet processed
10.1287/isre.2020.0983,Standing Up or Standing By: Understanding Bystanders' Proactive Reporting Responses to Social Media,2021,crossref,pending,not yet processed
10.1145/3603625,,,crossref,pending,not yet processed
10.1145/3311957.3359453,,,crossref,pending,not yet processed
10.1109/tvcg.2023.3247065,,,crossref,pending,not yet processed
10.2147/ccide.s63626,,,crossref,pending,not yet processed
10.4233/uuid:f16db80d-9f1a-4064-91be-decf8c805898,,,crossref,pending,not yet processed
10.1016/j.jopan.2019.05.134,,,crossref,pending,not yet processed
10.21134/rpcna.2020.07.2.2,,,crossref,pending,not yet processed
,,,crossref,pending,not yet processed
10.1145/2818048.2819928,,,crossref,pending,not yet processed
10.1016/s0006-3223(02)01546-9,,,crossref,pending,not yet processed
10.1191/1478088706qp063oa,,,crossref,pending,not yet processed
10.1007/bf00848479,,,crossref,pending,not yet processed
10.1111/j.1468-0017.1988.tb00141.x,,,crossref,pending,not yet processed
10.1038/sj.bdj.4800777,,,crossref,pending,not yet processed
10.1007/s00392-016-1025-6,,,crossref,pending,not yet processed
10.1037/11474-000,,,crossref,pending,not yet processed
10.3389/fpubh.2014.00016,,,crossref,pending,not yet processed
10.1186/s12903-021-01602-3,,,crossref,pending,not yet processed
,A screening device: children at risk for dental fears and management problems,1982,crossref,pending,not yet processed
10.1145/3397617.3397848,,,crossref,pending,not yet processed
10.3390/dj7030068,,,crossref,pending,not yet processed
10.1016/0005-7967(95)00027-u,,,crossref,pending,not yet processed
10.1080/01449290110108659,,,crossref,pending,not yet processed
10.1002/brb3.2600,,,crossref,pending,not yet processed
10.1561/1100000018,,,crossref,pending,not yet processed
10.1146/annurev.ps.36.020185.003145,,,crossref,pending,not yet processed
10.1037/0012-1649.31.4.706,,,crossref,pending,not yet processed
10.1046/j.1365-263x.2002.03812.x,,,crossref,pending,not yet processed
10.14219/jada.archive.2009.0102,,,crossref,pending,not yet processed
10.14219/jada.archive.1983.0285,,,crossref,pending,not yet processed
10.1111/ipd.12186,,,crossref,pending,not yet processed
10.2196/25504,,,crossref,pending,not yet processed
10.1111/ipd.12712,,,crossref,pending,not yet processed
10.1145/3290605.3300688,,,crossref,pending,not yet processed
10.12968/denu.2017.44.5.423,,,crossref,pending,not yet processed
10.1016/j.janxdis.2018.12.001,,,crossref,pending,not yet processed
10.3390/jpm10010014,,,crossref,pending,not yet processed
10.1109/2.391038,,,crossref,pending,not yet processed
10.1371/journal.pdig.0000169,,,crossref,pending,not yet processed
10.1177/0269881116632375,,,crossref,pending,not yet processed
10.1093/scan/nsab093,,,crossref,pending,not yet processed
10.1145/1182475.1182513,,,crossref,pending,not yet processed
10.5005/jp-journals-10024-2381,,,crossref,pending,not yet processed
10.1145/3585088.3589381,,,crossref,pending,not yet processed
,Dental fear in an urban Swedish child population: prevalence and concomitant factors,1994,crossref,pending,not yet processed
10.1111/j.1365-263x.2007.00872.x,,,crossref,pending,not yet processed
10.1037//0022-006x.52.3.414,,,crossref,pending,not yet processed
10.5005/jp-journals-10005-1640,,,crossref,pending,not yet processed
,,2017,crossref,pending,not yet processed
10.1177/2380084420901679,,,crossref,pending,not yet processed
10.2196/39225,,,crossref,pending,not yet processed
10.1016/j.pedn.2025.03.001,,,crossref,pending,not yet processed
10.1145/3078072.3079713,,,crossref,pending,not yet processed
10.1111/ipd.12430,,,crossref,pending,not yet processed
10.1177/1046496406294322,,,crossref,pending,not yet processed
10.1145/3290605.3300822,,,crossref,pending,not yet processed
10.1542/peds.105.3.e42,,,crossref,pending,not yet processed
10.1186/s13030-017-0102-z,,,crossref,pending,not yet processed
10.1145/3359174,,,crossref,pending,not yet processed
10.1037/13129-000,,,crossref,pending,not yet processed
10.1145/3613904.3642285,,,crossref,pending,not yet processed
10.1176/appi.psychotherapy.1966.20.3.439,,,crossref,pending,not yet processed
10.1007/978-3-319-07293-7_39,,,crossref,pending,not yet processed
10.1186/s40561-019-0085-2,,,crossref,pending,not yet processed
10.4103/jisppd.jisppd_1158_17,,,crossref,pending,not yet processed
10.17245/jdapm.2019.19.5.277,,,crossref,pending,not yet processed
10.2196/40219,,,crossref,pending,not yet processed
10.1145/3706598.3713436,,,crossref,pending,not yet processed
,"An investigation of participatory design with children-informant, balanced and facilitated design. In Interaction design and Children, Vol. 5",2002,crossref,pending,not yet processed
10.1136/bmjopen-2022-061336,,,crossref,pending,not yet processed
10.1016/s0278-2391(96)90531-5,,,crossref,pending,not yet processed
10.1145/3450446,,,crossref,pending,not yet processed
10.1038/nature08637,,,crossref,pending,not yet processed
10.1145/1865245.1865256,,,crossref,pending,not yet processed
10.1016/j.cpr.2017.04.004,,,crossref,pending,not yet processed
10.1177/2380084416661473,,,crossref,pending,not yet processed
,,,crossref,pending,not yet processed
,,,crossref,pending,not yet processed
,,,crossref,pending,not yet processed
10.1145/2675133.2675277,,,crossref,pending,not yet processed
10.1016/j.ijcci.2019.100148,,,crossref,pending,not yet processed
10.21606/drs.2018.638,,,crossref,pending,not yet processed
10.4233/uuid:,,,crossref,pending,not yet processed
10.1145/2470654.2481400,,,crossref,pending,not yet processed
10.1023/a:1026307121386,,,crossref,pending,not yet processed
10.1089/cyber.2014.0203,,,crossref,pending,not yet processed
10.1145/3491102.3501979,,,crossref,pending,not yet processed
10.1016/j.jdent.2023.104455,,,crossref,pending,not yet processed
10.1007/978-3-031-35989-7_22,,,crossref,pending,not yet processed
10.2196/41726,,,crossref,pending,not yet processed
10.1145/3544548.3580667,,,crossref,pending,not yet processed
10.1016/j.identj.2022.06.003,,,crossref,pending,not yet processed
10.1007/s11227-025-07047-7,,,crossref,pending,not yet processed
10.1002/widm.1515,,,crossref,pending,not yet processed
10.6028/nist.ir.8413-upd1,,,crossref,pending,not yet processed
10.3390/iot5010001,,,crossref,pending,not yet processed
,,2022,crossref,pending,not yet processed
10.1109/access.2024.3439363,,,crossref,pending,not yet processed
10.1016/j.cose.2024.104018,,,crossref,pending,not yet processed
10.1145/3643833.3656115,,,crossref,pending,not yet processed
,,,crossref,pending,not yet processed
10.1007/978-3-642-19571-616,,,crossref,pending,not yet processed
,,2024,crossref,pending,not yet processed
10.1007/978-981-19-5130-5,,,crossref,pending,not yet processed
10.1109/iotm.001.2300013,,,crossref,pending,not yet processed
10.1145/3637059,,,crossref,pending,not yet processed
,,,crossref,pending,not yet processed
10.3390/electronics13132654,,,crossref,pending,not yet processed
,,2024,crossref,pending,not yet processed
,,2022,crossref,pending,not yet processed
,,2021,crossref,pending,not yet processed
10.2824/349493,,,crossref,pending,not yet processed
,,,crossref,pending,not yet processed
10.1109/access.2025.3541035,,,crossref,pending,not yet processed
10.1007/s11227-023-05765-4,,,crossref,pending,not yet processed
10.1109/comst.2021.3106669,,,crossref,pending,not yet processed
10.1038/s41928-020-0372-5,,,crossref,pending,not yet processed
10.1109/itsc.2019.8917188,,,crossref,pending,not yet processed
,,,crossref,pending,not yet processed
10.1109/sfcs.1986.47,,,crossref,pending,not yet processed
,,,crossref,pending,not yet processed
10.1155/2022/6476274,,,crossref,pending,not yet processed
10.1002/ett.4918,,,crossref,pending,not yet processed
10.1109/eurospw61312.2024.00046,,,crossref,pending,not yet processed
,,,crossref,pending,not yet processed
10.1109/sies62473.2024.10767929,,,crossref,pending,not yet processed
10.1109/jiot.2024.3429342,,,crossref,pending,not yet processed
10.1038/s41586-022-04623-2,,,crossref,pending,not yet processed
,,2011,crossref,pending,not yet processed
10.1109/vtc2023-spring57618.2023.10200789,,,crossref,pending,not yet processed
10.1177/03611981231180200,,,crossref,pending,not yet processed
10.1109/ccnc51644.2023.10059950,,,crossref,pending,not yet processed
10.1007/978-981-15-8053-6,,,crossref,pending,not yet processed
10.1007/978-3-319-38930-11,,,crossref,pending,not yet processed
,,,crossref,pending,not yet processed
10.48550/arxiv.2408.00243,,,crossref,pending,not yet processed
,,,crossref,pending,not yet processed
10.1016/j.vehcom.2022.100515,,,crossref,pending,not yet processed
10.1007/s42154-022-00179-z,,,crossref,pending,not yet processed
10.1109/access.2025.3528562,,,crossref,pending,not yet processed
10.1186/s13638-019-1484-3,,,crossref,pending,not yet processed
10.1016/j.jiixd.2022.10.001,,,crossref,pending,not yet processed
10.52783/pst.353,,,crossref,pending,not yet processed
,,2024,crossref,pending,not yet processed
,,2024,crossref,pending,not yet processed
,,,crossref,pending,not yet processed
10.1109/coins61597.2024.10622294,,,crossref,pending,not yet processed
10.6028/nist.fips.197-upd1,,,crossref,pending,not yet processed
10.48550/arxiv.2410.08462,,,crossref,pending,not yet processed
10.1108/14636680810918586,,,crossref,pending,not yet processed
10.1109/sceecs61402.2024.10482142,,,crossref,pending,not yet processed
10.1109/iotm.001.2300109,,,crossref,pending,not yet processed
10.1108/fs-02-2018-0020,,,crossref,pending,not yet processed
10.4337/9781781008768.00012,,,crossref,pending,not yet processed
10.18535/ijsrm/v12i04.ec04,,,crossref,pending,not yet processed
10.1145/359340.359342,,,crossref,pending,not yet processed
10.1109/iv55152.2023.10186685,,,crossref,pending,not yet processed
10.1109/secdev45635.2020.00028,,,crossref,pending,not yet processed
,,,crossref,pending,not yet processed
10.3390/fi16030067,,,crossref,pending,not yet processed
,,2010,crossref,pending,not yet processed
10.1007/978-3-031-61475-024,,,crossref,pending,not yet processed
10.1109/tits.2021.3131668,,,crossref,pending,not yet processed
10.1016/j.future.2024.107555,,,crossref,pending,not yet processed
10.18725/oparu-53899,,,crossref,pending,not yet processed
,,,crossref,pending,not yet processed
10.1016/j.inffus.2023.102135,,,crossref,pending,not yet processed
,,2023,crossref,pending,not yet processed
,,2024,crossref,pending,not yet processed
10.1007/978-3-031-21530-85,,,crossref,pending,not yet processed
10.1007/978-981-97-0641-919,,,crossref,pending,not yet processed
10.1109/tec.2024.3355743,,,crossref,pending,not yet processed
10.3390/info15010038,,,crossref,pending,not yet processed
10.1145/3298981,,,crossref,pending,not yet processed
10.1109/sfcs.1982.38,,,crossref,pending,not yet processed
10.1117/12.3039589,,,crossref,pending,not yet processed
10.1109/tiv.2024.3446319,,,crossref,pending,not yet processed
10.1109/tvt.2024.3432553,,,crossref,pending,not yet processed
10.1109/mvt.2019.2921208,,,crossref,pending,not yet processed
10.1016/j.ins.2018.10.024,,,crossref,pending,not yet processed
10.48550/arxiv.2402.12617,,,crossref,pending,not yet processed
,,2025,crossref,pending,not yet processed
,,,crossref,pending,not yet processed
,,2025,crossref,pending,not yet processed
,,2025,crossref,pending,not yet processed
,,2024,crossref,pending,not yet processed
,,2018,crossref,pending,not yet processed
,,,crossref,pending,not yet processed
,,,crossref,pending,not yet processed
,,2021,crossref,pending,not yet processed
10.1145/3708493.3712691,,,crossref,pending,not yet processed
10.1145/3385412.3385964,,,crossref,pending,not yet processed
,,2024,crossref,pending,not yet processed
10.1007/978-3-031-64626-3_8,,,crossref,pending,not yet processed
10.1145/3728928,,,crossref,pending,not yet processed
,,2025,crossref,pending,not yet processed
10.1109/sp46215.2023.10179314,,,crossref,pending,not yet processed
,,,crossref,pending,not yet processed
,,2024,crossref,pending,not yet processed
10.14722/ndss.2024.24401,,,crossref,pending,not yet processed
,,,crossref,pending,not yet processed
,,2025,crossref,pending,not yet processed
10.14722/ndss.2025.240797,,,crossref,pending,not yet processed
,,2025,crossref,pending,not yet processed
10.1145/173262.155098,,,crossref,pending,not yet processed
10.1145/2914770.2837674,,,crossref,pending,not yet processed
10.1145/161494.161501,,,crossref,pending,not yet processed
10.5555/977395.977673,,,crossref,pending,not yet processed
10.1145/1250734.1250766,,,crossref,pending,not yet processed
10.1145/3276511,,,crossref,pending,not yet processed
10.1145/3711816,,,crossref,pending,not yet processed
,,2022,crossref,pending,not yet processed
10.1145/3437801.3441604,,,crossref,pending,not yet processed
10.1145/1250734.1250746,,,crossref,pending,not yet processed
10.1145/3650212.3680301,,,crossref,pending,not yet processed
,,,crossref,pending,not yet processed
,,,crossref,pending,not yet processed
,,,crossref,pending,not yet processed
10.1109/sp54263.2024.00152,,,crossref,pending,not yet processed
10.1109/sp40000.2020.00036,,,crossref,pending,not yet processed
10.1145/3702988,,,crossref,pending,not yet processed
10.1109/icsme58944.2024.00012,,,crossref,pending,not yet processed
,,2024,crossref,pending,not yet processed
,,2025,crossref,pending,not yet processed
10.1145/3192366.3192418,,,crossref,pending,not yet processed
10.1109/sp.2016.17,,,crossref,pending,not yet processed
10.1145/3133956.3134105,,,crossref,pending,not yet processed
,,,crossref,pending,not yet processed
10.1145/3643729,,,crossref,pending,not yet processed
,,,crossref,pending,not yet processed
10.1145/3658644.3690244,,,crossref,pending,not yet processed
,,1875,crossref,pending,not yet processed
,,2022,crossref,pending,not yet processed
10.1145/3728958,,,crossref,pending,not yet processed
10.1145/3715754,,,crossref,pending,not yet processed
10.1145/3658644.3670340,,,crossref,pending,not yet processed
10.14722/ndss.2025.240276,,,crossref,pending,not yet processed
,,,crossref,pending,not yet processed
,,2024,crossref,pending,not yet processed
,,2023,crossref,pending,not yet processed
10.1145/3622781.3674177,,,crossref,pending,not yet processed
,,,crossref,pending,not yet processed
10.1145/3729386,,,crossref,pending,not yet processed
10.1145/3728927,,,crossref,pending,not yet processed
,,,crossref,pending,not yet processed
10.1145/2103656.2103709,,,crossref,pending,not yet processed
10.1145/3640337,,,crossref,pending,not yet processed
10.1145/3620665.3640382,,,crossref,pending,not yet processed
,,2024,crossref,pending,not yet processed
,,,crossref,pending,not yet processed
10.1016/j.cose.2021.102557,,,crossref,pending,not yet processed
10.1016/j.infsof.2021.106693,,,crossref,pending,not yet processed
10.2196/jmir.5604,,,crossref,pending,not yet processed
,,,crossref,pending,not yet processed
,,,crossref,pending,not yet processed
,,,crossref,pending,not yet processed
10.1145/3197231.3197263,,,crossref,pending,not yet processed
10.1016/j.cola.2019.02.001,,,crossref,pending,not yet processed
10.1016/j.infsof.2023.107353,,,crossref,pending,not yet processed
10.1007/978-3-030-70006-5_18,,,crossref,pending,not yet processed
10.1109/tse.2022.3212329,,,crossref,pending,not yet processed
10.1109/saner50967.2021.00055,,,crossref,pending,not yet processed
10.1109/tse.2014.2360674,,,crossref,pending,not yet processed
10.1145/3300176,,,crossref,pending,not yet processed
10.1145/3377811.3380392,,,crossref,pending,not yet processed
10.1007/978-1-4842-5308-3_2,,,crossref,pending,not yet processed
10.3390/ijerph18073669,,,crossref,pending,not yet processed
10.2196/15060,,,crossref,pending,not yet processed
10.1145/1631097.1631109,,,crossref,pending,not yet processed
10.1109/pacrim.2013.6625497,,,crossref,pending,not yet processed
10.1145/3173574.3173589,,,crossref,pending,not yet processed
10.1016/j.jss.2020.110819,,,crossref,pending,not yet processed
10.1145/3503508,,,crossref,pending,not yet processed
,,,crossref,pending,not yet processed
,,,crossref,pending,not yet processed
10.37573/9781585284597,,,crossref,pending,not yet processed
,,,crossref,pending,not yet processed
,,,crossref,pending,not yet processed
10.2196/humanfactors.5443,,,crossref,pending,not yet processed
10.1371/journal.pone.0237910,,,crossref,pending,not yet processed
10.1007/978-3-030-23525-3_68,,,crossref,pending,not yet processed
10.1007/s10209-022-00903-w,,,crossref,pending,not yet processed
10.1109/access.2020.2981892,,,crossref,pending,not yet processed
,,,crossref,pending,not yet processed
,,,crossref,pending,not yet processed
10.2196/18198,,,crossref,pending,not yet processed
10.1186/s40064-016-2171-z,,,crossref,pending,not yet processed
,,,crossref,pending,not yet processed
10.1080/0141192870130107,,,crossref,pending,not yet processed
10.1093/jamia/ocy050,,,crossref,pending,not yet processed
10.1371/journal.pone.0215806,,,crossref,pending,not yet processed
10.1109/access.2020.2999934,,,crossref,pending,not yet processed
10.1177/2055207619886463,,,crossref,pending,not yet processed
10.2196/16844,,,crossref,pending,not yet processed
10.2196/mhealth.3422,,,crossref,pending,not yet processed
10.1016/j.pmcj.2017.06.021,,,crossref,pending,not yet processed
,,,crossref,pending,not yet processed
10.5555/2729485.2729549,,,crossref,pending,not yet processed
10.1177/1064804619840731,,,crossref,pending,not yet processed
10.2196/jmir.5043,,,crossref,pending,not yet processed
10.1007/978-3-319-60597-5_22,,,crossref,pending,not yet processed
10.2196/13057,,,crossref,pending,not yet processed
10.1109/tpc.2017.2761578,,,crossref,pending,not yet processed
,,,crossref,pending,not yet processed
10.1016/j.maturitas.2020.05.003,,,crossref,pending,not yet processed
,,,crossref,pending,not yet processed
10.1186/1475-9276-12-85,,,crossref,pending,not yet processed
10.1007/978-3-030-58805-2_32,,,crossref,pending,not yet processed
10.2196/17256,,,crossref,pending,not yet processed
10.1007/s12553-020-00518-2,,,crossref,pending,not yet processed
10.2196/29922,,,crossref,pending,not yet processed
10.1145/2568225.2568276,,,crossref,pending,not yet processed
,,,crossref,pending,not yet processed
10.1007/978-1-84800-044-5_3,,,crossref,pending,not yet processed
10.1007/978-1-84800-044-5_2,,,crossref,pending,not yet processed
,,,crossref,pending,not yet processed
,,,crossref,pending,not yet processed
10.1016/j.procs.2014.02.041,,,crossref,pending,not yet processed
10.1145/3007120.3007135,,,crossref,pending,not yet processed
10.1145/3348797,,,crossref,pending,not yet processed
10.1109/icsme.2019.00014,,,crossref,pending,not yet processed
,,,crossref,pending,not yet processed
10.1016/j.jbi.2016.02.002,,,crossref,pending,not yet processed
10.1007/s10664-022-10222-6,,,crossref,pending,not yet processed
10.1109/icpc52881.2021.00050,,,crossref,pending,not yet processed
10.1186/s12911-017-0535-0,,,crossref,pending,not yet processed
,,,crossref,pending,not yet processed
10.1007/s10916-014-0181-3,,,crossref,pending,not yet processed
10.2196/jmir.6838,,,crossref,pending,not yet processed
,,2012,crossref,pending,not yet processed
,,,crossref,pending,not yet processed
10.1007/s41347-020-00180-5,,,crossref,pending,not yet processed
10.1111/nin.12333,,,crossref,pending,not yet processed
10.2196/jmir.3283,,,crossref,pending,not yet processed
,,,crossref,pending,not yet processed
10.1145/638249.638277,,,crossref,pending,not yet processed
10.6028/nist.ir.7804,,,crossref,pending,not yet processed
10.15265/iy-2015-011,,,crossref,pending,not yet processed
,,,crossref,pending,not yet processed
10.1145/3524613.3527817,,,crossref,pending,not yet processed
10.1007/s10664-021-10072-8,,,crossref,pending,not yet processed
10.1007/s10664-024-10504-1,,,crossref,pending,not yet processed
,,2019,crossref,pending,not yet processed
10.1109/jsen.2021.3114266,,,crossref,pending,not yet processed
10.1145/3001836,,,crossref,pending,not yet processed
,,,crossref,pending,not yet processed
,,,crossref,pending,not yet processed
10.1109/mcomstd.0001.2100012,Leveraging blockchain for secure drone-to-everything communications,2021,crossref,pending,not yet processed
,,2021,crossref,pending,not yet processed
10.1145/3372297.3417858,,,crossref,pending,not yet processed
,,2020,crossref,pending,not yet processed
,,2019,crossref,pending,not yet processed
,,2022,crossref,pending,not yet processed
10.1109/sp40000.2020.00061,,2020,crossref,pending,not yet processed
10.1109/comst.2024.3515051,,,crossref,pending,not yet processed
,,,crossref,pending,not yet processed
10.1109/twc.2019.2935201,,,crossref,pending,not yet processed
,,,crossref,pending,not yet processed
10.1145/3548606.3560627,,,crossref,pending,not yet processed
,,2019,crossref,pending,not yet processed
,,,crossref,pending,not yet processed
,,,crossref,pending,not yet processed
10.1145/3456631,,,crossref,pending,not yet processed
10.1007/978-94-007-5170-5_1,,2013,crossref,pending,not yet processed
10.3390/rs10060908,Issues in unmanned aerial systems (UAS) data collection of complex forest environments,2018,crossref,pending,not yet processed
10.1016/j.sysarc.2021.102344,,,crossref,pending,not yet processed
10.1007/978-3-030-66626-2_8,,2020,crossref,pending,not yet processed
,,,crossref,pending,not yet processed
,,,crossref,pending,not yet processed
,,2015,crossref,pending,not yet processed
10.1109/comst.2015.2495297,,,crossref,pending,not yet processed
,Review of unmanned aircraft system (UAS),2013,crossref,pending,not yet processed
,,2019,crossref,pending,not yet processed
,,,crossref,pending,not yet processed
10.1109/mnet.011.2000151,Emerging drone trends for blockchain-based 5G networks: Open issues and future perspectives,2021,crossref,pending,not yet processed
10.1109/comst.2021.3097916,,,crossref,pending,not yet processed
10.1109/mwc.2016.1600073wc,,,crossref,pending,not yet processed
10.1109/milcom.2016.7795496,,2016,crossref,pending,not yet processed
,,2017,crossref,pending,not yet processed
,,,crossref,pending,not yet processed
,,2011,crossref,pending,not yet processed
,,2021,crossref,pending,not yet processed
,,2016,crossref,pending,not yet processed
,,,crossref,pending,not yet processed
,,2021,crossref,pending,not yet processed
,,2019,crossref,pending,not yet processed
,,2019,crossref,pending,not yet processed
10.1109/msec.2019.2947124,,,crossref,pending,not yet processed
10.1109/ths.2012.6459914,,2012,crossref,pending,not yet processed
,,2019,crossref,pending,not yet processed
,,,crossref,pending,not yet processed
10.1109/tii.2022.3170348,Blockchain-based federated learning with secure aggregation in trusted execution environment for internet-of-things,2022,crossref,pending,not yet processed
10.1109/red-uas.2017.8101648,,2017,crossref,pending,not yet processed
10.1007/s10712-019-09529-9,New opportunities for forest remote sensing through ultra-high-density drone lidar,2019,crossref,pending,not yet processed
10.1002/rob.21513,,,crossref,pending,not yet processed
10.1016/j.cose.2022.102628,Vulnerability analysis of qualcomm secure execution environment (QSEE),2022,crossref,pending,not yet processed
,,2018,crossref,pending,not yet processed
10.1023/a:1008354106356,,,crossref,pending,not yet processed
10.1109/ssrr.2017.8088163,,,crossref,pending,not yet processed
10.1109/glocomw.2013.6825193,,2013,crossref,pending,not yet processed
,,2015,crossref,pending,not yet processed
10.1109/mcom.2017.1700390,,,crossref,pending,not yet processed
10.1145/3341301.3359627,,,crossref,pending,not yet processed
,Extending on-chain trust to off-chain–trustworthy blockchain data collection using trusted execution environment (tee),2022,crossref,pending,not yet processed
,,2017,crossref,pending,not yet processed
,,2020,crossref,pending,not yet processed
,,2018,crossref,pending,not yet processed
,Multi-agent actor-critic for mixed cooperative-competitive environments,2017,crossref,pending,not yet processed
,,2007,crossref,pending,not yet processed
,Drones hijacking,2016,crossref,pending,not yet processed
,,,crossref,pending,not yet processed
,,2013,crossref,pending,not yet processed
10.1109/jiot.2023.3252565,,,crossref,pending,not yet processed
,,,crossref,pending,not yet processed
,Reinforcement learning-based security/safety uav system for intrusion detection under dynamic and uncertain target movement,2022,crossref,pending,not yet processed
,,,crossref,pending,not yet processed
,Drones and aerial surveillance: Considerations for legislators,2014,crossref,pending,not yet processed
10.1016/j.comnet.2023.109626,,,crossref,pending,not yet processed
,Drone incidents: A survey of legal cases,2017,crossref,pending,not yet processed
,,,crossref,pending,not yet processed
10.1145/3700418,,,crossref,pending,not yet processed
10.1016/j.cose.2023.103180,,,crossref,pending,not yet processed
10.1109/sp40001.2021.00005,,2021,crossref,pending,not yet processed
,,,crossref,pending,not yet processed
,,,crossref,pending,not yet processed
,Hacking drones... overview of the main threats,2013,crossref,pending,not yet processed
,,2020,crossref,pending,not yet processed
,Security scheme of UAV flight control based on attribute access control policy,2024,crossref,pending,not yet processed
,Privadome: Delivery drones and citizen privacy,2024,crossref,pending,not yet processed
10.1145/3291047,,,crossref,pending,not yet processed
10.1109/jiot.2020.2969326,,,crossref,pending,not yet processed
,,,crossref,pending,not yet processed
,,2009,crossref,pending,not yet processed
,,,crossref,pending,not yet processed
10.1145/3485272,"A security review in the UAVNet era: Threats, countermeasures, and gap analysis",2022,crossref,pending,not yet processed
10.1109/trustcom.2015.357,,2015,crossref,pending,not yet processed
,,,crossref,pending,not yet processed
,Strengthening VM isolation with integrity protection and more,2020,crossref,pending,not yet processed
,,,crossref,pending,not yet processed
10.1109/tii.2019.2922039,,,crossref,pending,not yet processed
10.1145/3098954.3098971,,,crossref,pending,not yet processed
10.3934/mbe.2022121,,,crossref,pending,not yet processed
,,2024,crossref,pending,not yet processed
10.1016/j.jisa.2019.06.010,,,crossref,pending,not yet processed
10.1049/ecej:20010303,High-altitude platforms for wireless communications,2001,crossref,pending,not yet processed
,,,crossref,pending,not yet processed
10.1016/j.adhoc.2022.102894,A survey of cyber security threats and solutions for UAV communications and flying ad-hoc networks,2022,crossref,pending,not yet processed
,,,crossref,pending,not yet processed
10.1016/s1574-6526(07)03024-6,,,crossref,pending,not yet processed
10.1145/3301293.3302370,,,crossref,pending,not yet processed
,Blockchain-based solutions for various security issues in UAV-enabled IoT,2021,crossref,pending,not yet processed
,,2022,crossref,pending,not yet processed
10.1109/sp54263.2024.00070,,2024,crossref,pending,not yet processed
10.23919/icn.2021.0018,Blockchain-envisioned unmanned aerial vehicle communications in space-air-ground integrated network: A review,2021,crossref,pending,not yet processed
,"Authentication protocols for the internet of drones: Taxonomy, analysis and future directions",2018,crossref,pending,not yet processed
,,2021,crossref,pending,not yet processed
,Reinforcement learning,2012,crossref,pending,not yet processed
10.5555/2960587.2960655,,,crossref,pending,not yet processed
,,2019,crossref,pending,not yet processed
,,2019,crossref,pending,not yet processed
,,,crossref,pending,not yet processed
10.1109/tvt.2020.3014788,,,crossref,pending,not yet processed
10.1109/jiot.2023.3321308,PACTA: An IoT data privacy regulation compliance scheme using TEE and blockchain,2023,crossref,pending,not yet processed
10.1145/3319535.3363205,,,crossref,pending,not yet processed
10.1007/s11704-019-9096-y,,,crossref,pending,not yet processed
10.1109/sp40000.2020.00054,,,crossref,pending,not yet processed
10.1016/j.cad.2026.104129,Knit2Vector: 3D knitted texture reconstruction from unconstrained images via differentiable vectorization,2026,openalex,pending,not yet processed
10.1109/southeastcon63549.2026.11476373,Selecting Emerging Non-Volatile Memories for Embedded and IoT Systems: A Practical Guide,2026,openalex,pending,not yet processed
10.1109/vts69484.2026.11563388,Security Vulnerabilities of Semiconductor Memories,2026,openalex,pending,not yet processed
,,,crossref,unresolved_no_doi,no DOI and no title metadata to recover
,,,crossref,unresolved_no_doi,no DOI and no title metadata to recover
,,,crossref,unresolved_no_doi,no DOI and no title metadata to recover
,,,crossref,unresolved_no_doi,no DOI and no title metadata to recover
,,,crossref,unresolved_no_doi,no DOI and no title metadata to recover
,,,crossref,unresolved_no_doi,no DOI and no title metadata to recover
,,,crossref,unresolved_no_doi,no DOI and no title metadata to recover
,,,crossref,unresolved_no_doi,no DOI and no title metadata to recover
,,,crossref,unresolved_no_doi,no DOI and no title metadata to recover
,,,crossref,unresolved_no_doi,no DOI and no title metadata to recover
,,,crossref,unresolved_no_doi,no DOI and no title metadata to recover
,,2020,crossref,unresolved_no_doi,no DOI and no title metadata to recover
,,2018,crossref,unresolved_no_doi,no DOI and no title metadata to recover
,,,crossref,unresolved_no_doi,no DOI and no title metadata to recover
,,2016,crossref,unresolved_no_doi,no DOI and no title metadata to recover
,,2020,crossref,unresolved_no_doi,no DOI and no title metadata to recover
,,2012,crossref,unresolved_no_doi,no DOI and no title metadata to recover
,,,crossref,unresolved_no_doi,no DOI and no title metadata to recover
,,,crossref,unresolved_no_doi,no DOI and no title metadata to recover
,,,crossref,unresolved_no_doi,no DOI and no title metadata to recover
,,2025,crossref,unresolved_no_doi,no DOI and no title metadata to recover
,,,crossref,unresolved_no_doi,no DOI and no title metadata to recover
,,2007,crossref,unresolved_no_doi,no DOI and no title metadata to recover
,,,crossref,unresolved_no_doi,no DOI and no title metadata to recover
,,2022,crossref,unresolved_no_doi,no DOI and no title metadata to recover
,,,crossref,unresolved_no_doi,no DOI and no title metadata to recover
,,2004,crossref,unresolved_no_doi,no DOI and no title metadata to recover
,,2002,crossref,unresolved_no_doi,no DOI and no title metadata to recover
,,2022,crossref,unresolved_no_doi,no DOI and no title metadata to recover
,,2022,crossref,unresolved_no_doi,no DOI and no title metadata to recover
,,2018,crossref,unresolved_no_doi,no DOI and no title metadata to recover
,,,crossref,unresolved_no_doi,no DOI and no title metadata to recover
,,2011,crossref,unresolved_no_doi,no DOI and no title metadata to recover
,,2012,crossref,unresolved_no_doi,no DOI and no title metadata to recover
,,2018,crossref,unresolved_no_doi,no DOI and no title metadata to recover
,,,crossref,unresolved_no_doi,no DOI and no title metadata to recover
,,,crossref,unresolved_no_doi,no DOI and no title metadata to recover
,,2021,crossref,unresolved_no_doi,no DOI and no title metadata to recover
,,,crossref,unresolved_no_doi,no DOI and no title metadata to recover
,,,crossref,unresolved_no_doi,no DOI and no title metadata to recover
,,2023,crossref,unresolved_no_doi,no DOI and no title metadata to recover
,,,crossref,unresolved_no_doi,no DOI and no title metadata to recover
,,2019,crossref,unresolved_no_doi,no DOI and no title metadata to recover
,,,crossref,unresolved_no_doi,no DOI and no title metadata to recover
,,,crossref,unresolved_no_doi,no DOI and no title metadata to recover
,,,crossref,unresolved_no_doi,no DOI and no title metadata to recover
,,2019,crossref,unresolved_no_doi,no DOI and no title metadata to recover
,,2016,crossref,unresolved_no_doi,no DOI and no title metadata to recover
,,2024,crossref,unresolved_no_doi,no DOI and no title metadata to recover
,,,crossref,unresolved_no_doi,no DOI and no title metadata to recover
,,2014,crossref,unresolved_no_doi,no DOI and no title metadata to recover
,,2019,crossref,unresolved_no_doi,no DOI and no title metadata to recover
,,2001,crossref,unresolved_no_doi,no DOI and no title metadata to recover
,,,crossref,unresolved_no_doi,no DOI and no title metadata to recover
,,,crossref,unresolved_no_doi,no DOI and no title metadata to recover
,,2022,crossref,unresolved_no_doi,no DOI and no title metadata to recover
,,2014,crossref,unresolved_no_doi,no DOI and no title metadata to recover
,,,crossref,unresolved_no_doi,no DOI and no title metadata to recover
,,,crossref,unresolved_no_doi,no DOI and no title metadata to recover
,,2018,crossref,unresolved_no_doi,no DOI and no title metadata to recover
,,2024,crossref,unresolved_no_doi,no DOI and no title metadata to recover
,,2019,crossref,unresolved_no_doi,no DOI and no title metadata to recover
,,2005,crossref,unresolved_no_doi,no DOI and no title metadata to recover
,,,crossref,unresolved_no_doi,no DOI and no title metadata to recover
,,,crossref,unresolved_no_doi,no DOI and no title metadata to recover
,,,crossref,unresolved_no_doi,no DOI and no title metadata to recover
,,2010,crossref,unresolved_no_doi,no DOI and no title metadata to recover
,,2020,crossref,unresolved_no_doi,no DOI and no title metadata to recover
,,,crossref,unresolved_no_doi,no DOI and no title metadata to recover
,,2018,crossref,unresolved_no_doi,no DOI and no title metadata to recover
,,,crossref,unresolved_no_doi,no DOI and no title metadata to recover
,,,crossref,unresolved_no_doi,no DOI and no title metadata to recover
,,2022,crossref,unresolved_no_doi,no DOI and no title metadata to recover
,,2019,crossref,unresolved_no_doi,no DOI and no title metadata to recover
,,2021,crossref,unresolved_no_doi,no DOI and no title metadata to recover
