paper_id,DOI,Title,Abstract,annotator_id,label
442,10.1145/3560834.3563827,On-Chip Side-Channel Analysis of the Loop PUF,"In recent years, Side-Channel Analysis (SCA) that leverages power measurements from peripherals or on-chip power sensors has gained increasing attention. Instead of direct physical access to the victim device, these so-called remote SCA attacks can be mounted if an attacker shares resources on the same Power Distribution Network (PDN), e.g., in a multi-tenant Field Programmable Gate Array (FPGA) cloud scenario. Previous work on remote SCA focused on cryptographic algorithms such as AES and RSA. In this work, we analyze the possibility of on-chip SCA of Physical Unclonable Function (PUF) primitives and compare their efficiency to classical SCA attacks. We target the Loop PUF, that derives entropy from a configurable oscillator, where an attacker can retrieve the secret by observing oscillation frequencies. We employ a Time-to-Digital Converter (TDC) sensor, and compare two Artix-7 FPGAs with different resources to compare differences in the Signal-to-Noise Ratio (SNR). Further, we vary the relative placement of the targeted PUF and the TDC sensor. Even though the number of traces required is increased compared to classical SCA, the experiments illustrate the feasibility of extracting the secret key from a PUF-based storage from on-chip SCA.",A,in-scope
442,10.1145/3560834.3563827,On-Chip Side-Channel Analysis of the Loop PUF,"In recent years, Side-Channel Analysis (SCA) that leverages power measurements from peripherals or on-chip power sensors has gained increasing attention. Instead of direct physical access to the victim device, these so-called remote SCA attacks can be mounted if an attacker shares resources on the same Power Distribution Network (PDN), e.g., in a multi-tenant Field Programmable Gate Array (FPGA) cloud scenario. Previous work on remote SCA focused on cryptographic algorithms such as AES and RSA. In this work, we analyze the possibility of on-chip SCA of Physical Unclonable Function (PUF) primitives and compare their efficiency to classical SCA attacks. We target the Loop PUF, that derives entropy from a configurable oscillator, where an attacker can retrieve the secret by observing oscillation frequencies. We employ a Time-to-Digital Converter (TDC) sensor, and compare two Artix-7 FPGAs with different resources to compare differences in the Signal-to-Noise Ratio (SNR). Further, we vary the relative placement of the targeted PUF and the TDC sensor. Even though the number of traces required is increased compared to classical SCA, the experiments illustrate the feasibility of extracting the secret key from a PUF-based storage from on-chip SCA.",B,in-scope
623,10.1145/3338508.3359569,Simple Electromagnetic Analysis Attacks based on Geometric Leak on an ASIC Implementation of Ring-Oscillator PUF,"Physically unclonable functions (PUFs) are assumed to provide high tamper resistance against counterfeiting and hardware attacks since PUFs extract inherent physical properties from random and uncontrollable variations in manufacturing. Recent studies have reported on the vulnerabilities to physical and mathematical attacks on PUFs. This paper focuses on the security evaluation of a ring-oscillator PUF (RO PUF) against electromagnetic analysis (EMA) attacks. We designed an RO PUF with a 180-nm CMOS process to evaluate the threats of EMA attacks. The power consumption of this RO PUF is reduced as much as possible to reduce EM leaks and EMA resistance is enhanced in the layout design. We show the EMA-attack results on our RO PUF and discuss the threats of EMA attacks on the application specific integrated circuit (ASIC) implementation of RO PUFs. We also propose a new EMA attack on RO PUFs. The key is geometric leak. All components of an RO PUF are usually arranged in a matrix or an array. Geometric periodicity in the layout of RO PUFs leaks secret PUF responses. Though previous studies require identifying ROs, the proposed attack, called simple EMA (SEMA) attack based on geometric leak, reveals a PUF response from one measured EM trace directly. These attacks correctly predicted 94.2% of PUF responses of our RO PUF. We present how a PUF response is revealed from a measured EM trace, suggesting that such attacks pose a serious threat to RO PUFs.",A,in-scope
623,10.1145/3338508.3359569,Simple Electromagnetic Analysis Attacks based on Geometric Leak on an ASIC Implementation of Ring-Oscillator PUF,"Physically unclonable functions (PUFs) are assumed to provide high tamper resistance against counterfeiting and hardware attacks since PUFs extract inherent physical properties from random and uncontrollable variations in manufacturing. Recent studies have reported on the vulnerabilities to physical and mathematical attacks on PUFs. This paper focuses on the security evaluation of a ring-oscillator PUF (RO PUF) against electromagnetic analysis (EMA) attacks. We designed an RO PUF with a 180-nm CMOS process to evaluate the threats of EMA attacks. The power consumption of this RO PUF is reduced as much as possible to reduce EM leaks and EMA resistance is enhanced in the layout design. We show the EMA-attack results on our RO PUF and discuss the threats of EMA attacks on the application specific integrated circuit (ASIC) implementation of RO PUFs. We also propose a new EMA attack on RO PUFs. The key is geometric leak. All components of an RO PUF are usually arranged in a matrix or an array. Geometric periodicity in the layout of RO PUFs leaks secret PUF responses. Though previous studies require identifying ROs, the proposed attack, called simple EMA (SEMA) attack based on geometric leak, reveals a PUF response from one measured EM trace directly. These attacks correctly predicted 94.2% of PUF responses of our RO PUF. We present how a PUF response is revealed from a measured EM trace, suggesting that such attacks pose a serious threat to RO PUFs.",B,in-scope
695,10.1145/3139324.3139328,EM Side-Channel Analysis of BCH-based Error Correction for PUF-based Key Generation,"Physical Unclonable Functions (PUFs) provide a cost-efficient way to store a secure key on a device. But the noisy secret from a PUF must be corrected to generate a stable key. Since the error correction processes secret material, it is a target of attacks. Previous work has shown that single bits of a key can be extracted using a power side-channel attacks. This work enhances the attack idea. Non-invasive measurement of electromagnetic radiation together with a differential power analysis is shown to be sufficient to extract not only single bits but even the complete key from an error correction used for PUF-based key generation. The efficiency of the basic attack is significantly improved over state of the art using public available preknowledge on the PUF, an advanced correlation method, and parallel manipulation of helper data. The attack is practically demonstrated on an FPGA implementation with concatenated BCH and repetition codes. The results show that, compared to state of the art, a significant improvement by a factor of more than 100 in terms of trace reduction can be achieved.",A,in-scope
695,10.1145/3139324.3139328,EM Side-Channel Analysis of BCH-based Error Correction for PUF-based Key Generation,"Physical Unclonable Functions (PUFs) provide a cost-efficient way to store a secure key on a device. But the noisy secret from a PUF must be corrected to generate a stable key. Since the error correction processes secret material, it is a target of attacks. Previous work has shown that single bits of a key can be extracted using a power side-channel attacks. This work enhances the attack idea. Non-invasive measurement of electromagnetic radiation together with a differential power analysis is shown to be sufficient to extract not only single bits but even the complete key from an error correction used for PUF-based key generation. The efficiency of the basic attack is significantly improved over state of the art using public available preknowledge on the PUF, an advanced correlation method, and parallel manipulation of helper data. The attack is practically demonstrated on an FPGA implementation with concatenated BCH and repetition codes. The results show that, compared to state of the art, a significant improvement by a factor of more than 100 in terms of trace reduction can be achieved.",B,in-scope
823,10.1145/2593069.2593204,Reverse Engineering and Prevention Techniques for Physical Unclonable Functions Using Side Channels,"This paper investigates and addresses the vulnerabilities of existing physical unclonable functions (PUFs). We first develop a PUF reverse engineering approach by conducting gate-level characterization (GLC). Based on the gate-level delay properties, we emulate the target PUF by designing a functionally equivalent PUF replication. Furthermore, in order to prevent such an attack, we develop a new sequential PUF architecture that is resilient to side channel-based reverse engineering. We obtain accurate results in emulating the timing behavior of the existing arbiter-based PUFs. Also, the randomness obtained from the sequential PUFs is significantly higher compared to the existing PUFs.",A,in-scope
823,10.1145/2593069.2593204,Reverse Engineering and Prevention Techniques for Physical Unclonable Functions Using Side Channels,"This paper investigates and addresses the vulnerabilities of existing physical unclonable functions (PUFs). We first develop a PUF reverse engineering approach by conducting gate-level characterization (GLC). Based on the gate-level delay properties, we emulate the target PUF by designing a functionally equivalent PUF replication. Furthermore, in order to prevent such an attack, we develop a new sequential PUF architecture that is resilient to side channel-based reverse engineering. We obtain accurate results in emulating the timing behavior of the existing arbiter-based PUFs. Also, the randomness obtained from the sequential PUFs is significantly higher compared to the existing PUFs.",B,in-scope
884,10.1145/2072274.2072276,Semi-invasive EM attack on FPGA RO PUFs and countermeasures,"It is often argued that Physical Unclonable Functions (PUFs) are resistant against invasive and semi-invasive attacks since these attacks would damage the underlying PUF structure resulting in a different PUF response. In this paper, we demonstrate exemplarily that this assumption does not hold for a Ring Oscillator (RO) PUF implemented on a Xilinx Spartan 3 FPGA, where we were able to perform a semi-invasive attack. We present analysis methods to identify ring oscillator frequencies and to map them to their corresponding oscillators. We practically prove that it is possible to recover the generated RO PUF response bits with this approach. To harden RO PUFs against side-channel analysis, we also propose a RO PUF concept not leaking useful information through the side-channel of electro-magnetic radiation.",A,in-scope
884,10.1145/2072274.2072276,Semi-invasive EM attack on FPGA RO PUFs and countermeasures,"It is often argued that Physical Unclonable Functions (PUFs) are resistant against invasive and semi-invasive attacks since these attacks would damage the underlying PUF structure resulting in a different PUF response. In this paper, we demonstrate exemplarily that this assumption does not hold for a Ring Oscillator (RO) PUF implemented on a Xilinx Spartan 3 FPGA, where we were able to perform a semi-invasive attack. We present analysis methods to identify ring oscillator frequencies and to map them to their corresponding oscillators. We practically prove that it is possible to recover the generated RO PUF response bits with this approach. To harden RO PUFs against side-channel analysis, we also propose a RO PUF concept not leaking useful information through the side-channel of electro-magnetic radiation.",B,in-scope
1004,10.1109/PerComWorkshops65533.2025.00158,Power {PUFs}: {Strengthening} {SRAM} {PUFs} {Against} {Fault} {Injection} on {Low}-{Cost} {IoT} {Devices},"Physically Unclonable Functions (PUFs) are emerging lightweight hardware security primitives that utilize inherent manufacturing variations in integrated circuits to generate unique and reproducible digital fingerprints for authorization or authentication. This paper explores the implementation and evaluation of SRAM-based PUFs on the ESP32 microcontroller under normal and fault-injected operating conditions. A baseline PUF generation method is done, and its reliability and stability are evaluated using the intra-hamming distance. Fault injection attacks using voltage anomalies are employed to study the effects on the PUF’s reliability. Preliminary results show that while the PUF is stable under normal operating conditions, the reliability significantly decreases under faulted conditions. The results showcase the vulnerability of SRAM PUFs to environmental and operational factors and lay the groundwork for exploring additional fault injection methods and countermeasures for enhanced robustness.",A,in-scope
1004,10.1109/PerComWorkshops65533.2025.00158,Power {PUFs}: {Strengthening} {SRAM} {PUFs} {Against} {Fault} {Injection} on {Low}-{Cost} {IoT} {Devices},"Physically Unclonable Functions (PUFs) are emerging lightweight hardware security primitives that utilize inherent manufacturing variations in integrated circuits to generate unique and reproducible digital fingerprints for authorization or authentication. This paper explores the implementation and evaluation of SRAM-based PUFs on the ESP32 microcontroller under normal and fault-injected operating conditions. A baseline PUF generation method is done, and its reliability and stability are evaluated using the intra-hamming distance. Fault injection attacks using voltage anomalies are employed to study the effects on the PUF’s reliability. Preliminary results show that while the PUF is stable under normal operating conditions, the reliability significantly decreases under faulted conditions. The results showcase the vulnerability of SRAM PUFs to environmental and operational factors and lay the groundwork for exploring additional fault injection methods and countermeasures for enhanced robustness.",B,in-scope
1010,10.1109/FDTC.2015.19,Laser {Fault} {Attack} on {Physically} {Unclonable} {Functions},"Physically Unclonable Functions (PUFs) are introduced to remedy the shortcomings of traditional methods of secure key storage and random key generation on Integrated Circuits (ICs). Due to their effective and low-cost implementations, intrinsic PUFs are popular PUF instances employed to improve the security of different applications on reconfigurable hardware. In this work we introduce a novel laser fault injection attack on intrinsic PUFs by manipulating the configuration of logic cells in a programable logic device. We present two fault attack scenarios, where not only the effectiveness of modeling attacks can be dramatically increased, but also the entropy of the targeted PUF responses are drastically decreased. In both cases, we conduct detailed theoretical analyses by considering XOR arbiter PUFs and RO PUFs as the examples of PUF-based authenticators and PUF-based random key generators, respectively. Finally we present our experimental results based on conducting laser fault injection on real PUFs, implemented on a common complex programmable logic device manufactured in 180 nm technology.",A,in-scope
1010,10.1109/FDTC.2015.19,Laser {Fault} {Attack} on {Physically} {Unclonable} {Functions},"Physically Unclonable Functions (PUFs) are introduced to remedy the shortcomings of traditional methods of secure key storage and random key generation on Integrated Circuits (ICs). Due to their effective and low-cost implementations, intrinsic PUFs are popular PUF instances employed to improve the security of different applications on reconfigurable hardware. In this work we introduce a novel laser fault injection attack on intrinsic PUFs by manipulating the configuration of logic cells in a programable logic device. We present two fault attack scenarios, where not only the effectiveness of modeling attacks can be dramatically increased, but also the entropy of the targeted PUF responses are drastically decreased. In both cases, we conduct detailed theoretical analyses by considering XOR arbiter PUFs and RO PUFs as the examples of PUF-based authenticators and PUF-based random key generators, respectively. Finally we present our experimental results based on conducting laser fault injection on real PUFs, implemented on a common complex programmable logic device manufactured in 180 nm technology.",B,in-scope
1016,10.1109/DSD67783.2025.00060,Pulsed {ElectroMagnetic} {Fault} {Injection} {Attack} on a {Time} {Measurement}-based {Arbiter}-{PUF},"Physically Unclonable Functions (PUFs) have emerged as a promising hardware-based solution that leverages inherent process variations during IC manufacturing for secure key generation and device authentication, by generating unique and irreproducible challenge-response pairs (CRPs). Among various PUF designs, arbiter PUFs are particularly attractive due to their simplicity, scalability, and compatibility with lightweight cryptographic systems. However, their resistance to fault injection attacks remains an underexplored area. In this work, we investigate the impact of pulsed ElectroMagnetic (EM) fault injection (FI) on a novel Time Measurement-based Arbiter-PUF (TMAPUF) implemented on an FPGA. Experimental results reveal that a single precisely tuned EM pulse can consistently alter the PUF’s output, exposing a critical security weakness. This finding highlight the need for improved fault resilience in PUF architectures and suggest that the studied PUF variant could serve as a foundation for developing inherent countermeasures against EMFI and similar fault-based attacks.",A,in-scope
1016,10.1109/DSD67783.2025.00060,Pulsed {ElectroMagnetic} {Fault} {Injection} {Attack} on a {Time} {Measurement}-based {Arbiter}-{PUF},"Physically Unclonable Functions (PUFs) have emerged as a promising hardware-based solution that leverages inherent process variations during IC manufacturing for secure key generation and device authentication, by generating unique and irreproducible challenge-response pairs (CRPs). Among various PUF designs, arbiter PUFs are particularly attractive due to their simplicity, scalability, and compatibility with lightweight cryptographic systems. However, their resistance to fault injection attacks remains an underexplored area. In this work, we investigate the impact of pulsed ElectroMagnetic (EM) fault injection (FI) on a novel Time Measurement-based Arbiter-PUF (TMAPUF) implemented on an FPGA. Experimental results reveal that a single precisely tuned EM pulse can consistently alter the PUF’s output, exposing a critical security weakness. This finding highlight the need for improved fault resilience in PUF architectures and suggest that the studied PUF variant could serve as a foundation for developing inherent countermeasures against EMFI and similar fault-based attacks.",B,in-scope
1019,10.1109/ETS63895.2025.11049607,Pulsed {Electromagnetic} {Fault} {Injection} {Attack} on {Ring} {Oscillator}-based {PUFs} in {FPGAs},"Physical Unclonable Functions (PUFs) have emerged as a promising solution to overcome the limitations of conventional secure key storage and random key generation techniques on Integrated Circuits (ICs). Among the various PUF architectures, Ring Oscillator-based PUFs can be employed in FPGAs to generate unique responses due to their cost-effective and efficient implementation. However, their robustness against fault injection attacks remains a real concern. In this paper, we present a novel scenario whereby pulsed Electromagnetic Fault Injection (EMFI) can alter the PUF’s response and significantly threaten its robustness. By exploiting the harmonic locking susceptibility of a RO under pulsed EMFI, we demonstrated how different parameters of the EM pulse and the PUF implementation can influence the severity of the attack. Based on our findings, some general guidelines are derived to harden RO-based PUFs against pulsed EMFI.",A,in-scope
1019,10.1109/ETS63895.2025.11049607,Pulsed {Electromagnetic} {Fault} {Injection} {Attack} on {Ring} {Oscillator}-based {PUFs} in {FPGAs},"Physical Unclonable Functions (PUFs) have emerged as a promising solution to overcome the limitations of conventional secure key storage and random key generation techniques on Integrated Circuits (ICs). Among the various PUF architectures, Ring Oscillator-based PUFs can be employed in FPGAs to generate unique responses due to their cost-effective and efficient implementation. However, their robustness against fault injection attacks remains a real concern. In this paper, we present a novel scenario whereby pulsed Electromagnetic Fault Injection (EMFI) can alter the PUF’s response and significantly threaten its robustness. By exploiting the harmonic locking susceptibility of a RO under pulsed EMFI, we demonstrated how different parameters of the EM pulse and the PUF implementation can influence the severity of the attack. Based on our findings, some general guidelines are derived to harden RO-based PUFs against pulsed EMFI.",B,in-scope
1040,10.1109/DFT66274.2025.11257479,Laser {Fault} {Injection} on {RO}-{Based} {PUFs} {Implemented} on {FPGA},"Physical Unclonable Functions (PUFs) offer an attractive alternative for cryptographic key generation by leveraging intrinsic manufacturing variations, thus eliminating the need for permanent key storage. Among them, RO-PUFs—based on ring oscillators—are widely studied due to their simplicity and efficiency. While the sensitivity of individual ROs to laser fault injection has been previously explored, this paper presents, to the best of our knowledge, the first experimental demonstration of a successful laser attack directly impacting the global output of an RO-PUF system implemented on an Artix-7 FPGA. We show that a localized laser injection can selectively alter the frequencies of targeted ROs, leading to deterministic changes in the PUF response. Our results reveal a significant physical vulnerability of RO-PUFs to this type of attack, highlighting the need to develop appropriate countermeasures.",A,in-scope
1040,10.1109/DFT66274.2025.11257479,Laser {Fault} {Injection} on {RO}-{Based} {PUFs} {Implemented} on {FPGA},"Physical Unclonable Functions (PUFs) offer an attractive alternative for cryptographic key generation by leveraging intrinsic manufacturing variations, thus eliminating the need for permanent key storage. Among them, RO-PUFs—based on ring oscillators—are widely studied due to their simplicity and efficiency. While the sensitivity of individual ROs to laser fault injection has been previously explored, this paper presents, to the best of our knowledge, the first experimental demonstration of a successful laser attack directly impacting the global output of an RO-PUF system implemented on an Artix-7 FPGA. We show that a localized laser injection can selectively alter the frequencies of targeted ROs, leading to deterministic changes in the PUF response. Our results reveal a significant physical vulnerability of RO-PUFs to this type of attack, highlighting the need to develop appropriate countermeasures.",B,in-scope
1092,10.1109/PAINE54418.2021.9707704,Attacks and {Countermeasures} for {Capacitive} {PUF}-{Based} {Security} {Enclosures},"Protecting embedded devices from tampering is a difficult task since the attacker can perform manipulations through physical access. To provide a security barrier for protection, envelopes based on Physical Unclonable Functions (PUFs) have been developed. Their PUF emerges from, for example, a mesh of electrical capacitors embedded in the envelope. Even though these envelopes have several advantages over existing battery-backed solutions, it has been shown that they are susceptible to micro-drilling and bypassing attacks, where the capacitances and thereby the PUF secret can be extracted unnoticed.We harden the security of the capacitive PUF-based enclosure by presenting the three most impactful hardware attacks and proposing practical countermeasures for micro drilling, bypassing, and magnetic probing. We analyze the impact of drilling attacks with small diameters {\textless}{\textless}300 μm, and discuss additional countermeasures. We also propose a hardware countermeasure for the previously published bypassing attack. Furthermore, we conduct an H-probe attack on the magnetic field permeating the envelope’s shielding where we show, in practice as well as through Finite Element Analysis (FEA), that intercepting the transmission of digitized PUF-responses is practically feasible. As a countermeasure, we extend our PUF evaluation system by cryptographic security measures to ensure confidentiality.Our discussion of attacks and the development of counter-measures brings PUF-based security enclosures an important step forward towards their practical applications in the next generation of high security systems.",A,in-scope
1092,10.1109/PAINE54418.2021.9707704,Attacks and {Countermeasures} for {Capacitive} {PUF}-{Based} {Security} {Enclosures},"Protecting embedded devices from tampering is a difficult task since the attacker can perform manipulations through physical access. To provide a security barrier for protection, envelopes based on Physical Unclonable Functions (PUFs) have been developed. Their PUF emerges from, for example, a mesh of electrical capacitors embedded in the envelope. Even though these envelopes have several advantages over existing battery-backed solutions, it has been shown that they are susceptible to micro-drilling and bypassing attacks, where the capacitances and thereby the PUF secret can be extracted unnoticed.We harden the security of the capacitive PUF-based enclosure by presenting the three most impactful hardware attacks and proposing practical countermeasures for micro drilling, bypassing, and magnetic probing. We analyze the impact of drilling attacks with small diameters {\textless}{\textless}300 μm, and discuss additional countermeasures. We also propose a hardware countermeasure for the previously published bypassing attack. Furthermore, we conduct an H-probe attack on the magnetic field permeating the envelope’s shielding where we show, in practice as well as through Finite Element Analysis (FEA), that intercepting the transmission of digitized PUF-responses is practically feasible. As a countermeasure, we extend our PUF evaluation system by cryptographic security measures to ensure confidentiality.Our discussion of attacks and the development of counter-measures brings PUF-based security enclosures an important step forward towards their practical applications in the next generation of high security systems.",B,in-scope
1053,10.1109/APCCAS47518.2019.8953143,Using {Unstable} {SRAM} {Bits} for {Physical} {Unclonable} {Function} {Applications} on {Off}-{The}-{Shelf} {SRAM},"Physical Unclonable Function (PUF) is recently used in modern electronic systems for device authentication and secret key generation. SRAM PUF is a popular memory-based PUF because it is a standard component for most electronic devices. Previously only strongly stable RAM bits are selected as PUF bits in order to achieve high reliability, hence requiring relatively large SRAM. Furthermore, SRAM PUF might suffer from PUF clone attack for using stable bits. Attackers may use Photon Emission Analysis (PEA) to observe the behavior of the stable bits and conducted Focused Ion Beam circuit edit (FIBCE) to produce an identical physical response. In this paper, we propose a new method that employs unstable bits as PUF bits in addition to the stable bits to increase the SRAM bit usage rate. We also show that this method can efficiently resist the PUF clone attack. Experimental results show that even though our proposed method uses unstable bits as PUF bits, it can still achieve high reliability. It can reach an average 2\% intra-HD without Error Correction Code (ECC) under various conditions and an average inter-HD of 49.33\%.",A,in-scope
1053,10.1109/APCCAS47518.2019.8953143,Using {Unstable} {SRAM} {Bits} for {Physical} {Unclonable} {Function} {Applications} on {Off}-{The}-{Shelf} {SRAM},"Physical Unclonable Function (PUF) is recently used in modern electronic systems for device authentication and secret key generation. SRAM PUF is a popular memory-based PUF because it is a standard component for most electronic devices. Previously only strongly stable RAM bits are selected as PUF bits in order to achieve high reliability, hence requiring relatively large SRAM. Furthermore, SRAM PUF might suffer from PUF clone attack for using stable bits. Attackers may use Photon Emission Analysis (PEA) to observe the behavior of the stable bits and conducted Focused Ion Beam circuit edit (FIBCE) to produce an identical physical response. In this paper, we propose a new method that employs unstable bits as PUF bits in addition to the stable bits to increase the SRAM bit usage rate. We also show that this method can efficiently resist the PUF clone attack. Experimental results show that even though our proposed method uses unstable bits as PUF bits, it can still achieve high reliability. It can reach an average 2\% intra-HD without Error Correction Code (ECC) under various conditions and an average inter-HD of 49.33\%.",B,in-scope
1123,10.1109/VLSI-SOC46417.2020.9344071,Early {RTL} {Analysis} for {SCA} {Vulnerability} in {Fuzzy} {Extractors} of {Memory}-{Based} {PUF} {Enabled} {Devices},"Physical Unclonable Functions (PUFs) are gaining attention in the cryptography community because of the ability to efficiently harness the intrinsic variability in the manufacturing process. However, this means that they are noisy devices and require error correction mechanisms, e.g., by employing Fuzzy Extractors (FEs). Recent works demonstrated that applying FEs for error correction may enable new opportunities to break the PUFs if no countermeasures are taken. In this paper, we address an attack model on FEs hardware implementations and provide a solution for early identification of the timing Side-Channel Attack (SCA) vulnerabilities which can be exploited by physical fault injection. The significance of this work stems from the fact that FEs are an essential building block in the implementations of PUF-enabled devices. The information leaked through the timing side-channel during the error correction process can reveal the FE input data and thereby can endanger revealing secrets. Therefore, it is very important to identify the potential leakages early in the process during RTL design. Experimental results based on RTL analysis of several Bose-Chaudhuri-Hocquenghem (BCH) and Reed-Solomon decoders for PUF-enabled devices with FEs demonstrate the feasibility of the proposed methodology.",A,in-scope
1123,10.1109/VLSI-SOC46417.2020.9344071,Early {RTL} {Analysis} for {SCA} {Vulnerability} in {Fuzzy} {Extractors} of {Memory}-{Based} {PUF} {Enabled} {Devices},"Physical Unclonable Functions (PUFs) are gaining attention in the cryptography community because of the ability to efficiently harness the intrinsic variability in the manufacturing process. However, this means that they are noisy devices and require error correction mechanisms, e.g., by employing Fuzzy Extractors (FEs). Recent works demonstrated that applying FEs for error correction may enable new opportunities to break the PUFs if no countermeasures are taken. In this paper, we address an attack model on FEs hardware implementations and provide a solution for early identification of the timing Side-Channel Attack (SCA) vulnerabilities which can be exploited by physical fault injection. The significance of this work stems from the fact that FEs are an essential building block in the implementations of PUF-enabled devices. The information leaked through the timing side-channel during the error correction process can reveal the FE input data and thereby can endanger revealing secrets. Therefore, it is very important to identify the potential leakages early in the process during RTL design. Experimental results based on RTL analysis of several Bose-Chaudhuri-Hocquenghem (BCH) and Reed-Solomon decoders for PUF-enabled devices with FEs demonstrate the feasibility of the proposed methodology.",B,in-scope
1126,10.1109/TDSC.2025.3648516,Analysis of {EM} {Side}-{Channel} {Leakage} on an {RO}-{PUF} and {Proposed} {Countermeasures},"Physical Unclonable Functions (PUFs) are a very useful resource in cryptography with many applications ranging from system authentication to secret key generation. Side-channel attacks (SCAs) are a major concern in any physical implementation of a cryptographic module, and PUFs are no exception. Electromagnetic (EM) leakage from the implementation of a ring-oscillator-based PUF (RO-PUF) can be exploited to retrieve sensitive information that compromises the security of the cryptographic scheme incorporating the PUF. In this paper, we analyse the EM leakage of an RO-PUF implemented on FPGA, highlight its main vulnerabilities, and propose alternative countermeasures and architectures to mitigate the threat of this type of attack. Furthermore, we evaluate the cost in terms of area overhead of the proposed implementations compared to the original design.",A,in-scope
1126,10.1109/TDSC.2025.3648516,Analysis of {EM} {Side}-{Channel} {Leakage} on an {RO}-{PUF} and {Proposed} {Countermeasures},"Physical Unclonable Functions (PUFs) are a very useful resource in cryptography with many applications ranging from system authentication to secret key generation. Side-channel attacks (SCAs) are a major concern in any physical implementation of a cryptographic module, and PUFs are no exception. Electromagnetic (EM) leakage from the implementation of a ring-oscillator-based PUF (RO-PUF) can be exploited to retrieve sensitive information that compromises the security of the cryptographic scheme incorporating the PUF. In this paper, we analyse the EM leakage of an RO-PUF implemented on FPGA, highlight its main vulnerabilities, and propose alternative countermeasures and architectures to mitigate the threat of this type of attack. Furthermore, we evaluate the cost in terms of area overhead of the proposed implementations compared to the original design.",B,in-scope
1167,10.1109/TIFS.2015.2512534,Remanence {Decay} {Side}-{Channel}: {The} {PUF} {Case},"We present a side-channel attack based on remanence decay in volatile memory and show how it can be exploited effectively to launch a noninvasive cloning attack against SRAM physically unclonable functions (PUFs)—an important class of PUFs typically proposed as lightweight security primitives, which use existing memory on the underlying device. We validate our approach using SRAM PUFs instantiated on two 65-nm CMOS devices. We discuss countermeasures against our attack and propose the constructive use of remanence decay to improve the cloning resistance of SRAM PUFs. Moreover, as a further contribution of independent interest, we show how to use our evaluation results to significantly improve the performance of the recently proposed TARDIS scheme, which is based on remanence decay in SRAM memory and used as a time-keeping mechanism for low-power clockless devices.",A,in-scope
1167,10.1109/TIFS.2015.2512534,Remanence {Decay} {Side}-{Channel}: {The} {PUF} {Case},"We present a side-channel attack based on remanence decay in volatile memory and show how it can be exploited effectively to launch a noninvasive cloning attack against SRAM physically unclonable functions (PUFs)—an important class of PUFs typically proposed as lightweight security primitives, which use existing memory on the underlying device. We validate our approach using SRAM PUFs instantiated on two 65-nm CMOS devices. We discuss countermeasures against our attack and propose the constructive use of remanence decay to improve the cloning resistance of SRAM PUFs. Moreover, as a further contribution of independent interest, we show how to use our evaluation results to significantly improve the performance of the recently proposed TARDIS scheme, which is based on remanence decay in SRAM memory and used as a time-keeping mechanism for low-power clockless devices.",B,in-scope
1285,10.1109/WIFS.2010.5711445,Differential template attacks on {PUF} enabled cryptographic devices,"In this paper we provide the first practical attacks on software implementations of fuzzy extractors (FEs). The significance of these attacks stem from the fact that FEs are becoming an essential building block in the implementations of physical unclonable function (PUF) enabled devices. In fact, almost every single implementation of PUFs heavily relies on using a FE. Our attacks exploit the information leaked through the power side-channel in the initial stages of error correction and can be used to recover the FE input which would essentially mean cloning the PUF device. More specifically, our attacks target the initial step in the syndrome decoding phase of BCH and Reed-Solomon (RS) decoder implementations where the input (PUF response) is read. We report two attacks: a simple power analysis (SPA) attack where we make use of conditional checks in a naive implementation to recover the PUF response by simply observing time shifts in the power consumption profile. In our second attack, we assume all conditional executions are removed making the device secure against SPA attacks. Instead, we mount a new kind of template attack on a two instruction sequence to recover the FE input (or PUF output).",A,in-scope
1285,10.1109/WIFS.2010.5711445,Differential template attacks on {PUF} enabled cryptographic devices,"In this paper we provide the first practical attacks on software implementations of fuzzy extractors (FEs). The significance of these attacks stem from the fact that FEs are becoming an essential building block in the implementations of physical unclonable function (PUF) enabled devices. In fact, almost every single implementation of PUFs heavily relies on using a FE. Our attacks exploit the information leaked through the power side-channel in the initial stages of error correction and can be used to recover the FE input which would essentially mean cloning the PUF device. More specifically, our attacks target the initial step in the syndrome decoding phase of BCH and Reed-Solomon (RS) decoder implementations where the input (PUF response) is read. We report two attacks: a simple power analysis (SPA) attack where we make use of conditional checks in a naive implementation to recover the PUF response by simply observing time shifts in the power consumption profile. In our second attack, we assume all conditional executions are removed making the device secure against SPA attacks. Instead, we mount a new kind of template attack on a two instruction sequence to recover the FE input (or PUF output).",B,in-scope
1412,10.1145/3649476.3658783,Breaching the Gap: Modelling SRAM-PUFs via Side-Channel Signatures,"Cryptographic systems employing SRAM-based Physically Unclonable Functions (SRAM-PUFs) rely on the assumption that modelling the internal PUF state is practically infeasible. This work investigates the modelling prowess of an adversary with access to side-channel information collected from similar, albeit not identical, devices to develop templates for leakages. To the best of our knowledge, this is the first work to show the modelling vulnerability of SRAM-PUFs to side-channel leakages by utilizing the correlation between power, electromagnetic signatures obtained from similar devices with identical patterns in their PUF responses. To evaluate the effectiveness of our attack, we perform extensive experiments on ATmega328P and demonstrate a maximum accuracy of 98.45% in the Hamming Weight (&lt;Formula format=""inline""&gt;&lt;TexMath&gt;&lt;?TeX $mathsf {HW}$?&gt;&lt;/TexMath&gt;&lt;AltText&gt;Math 2&lt;/AltText&gt;&lt;File name=""glsvlsi24-88-inline2"" type=""svg""/&gt;&lt;/Formula&gt;) prediction of the PUF responses and &lt;Formula format=""inline""&gt;&lt;TexMath&gt;&lt;?TeX $96.91%$?&gt;&lt;/TexMath&gt;&lt;AltText&gt;Math 3&lt;/AltText&gt;&lt;File name=""glsvlsi24-88-inline3"" type=""svg""/&gt;&lt;/Formula&gt; for the exact PUF response over 50 target devices. Our attack’s feasibility also extends to newer technology nodes, as validated on the 32-bit ARM Cortex M0+. Additionally, we augment the well-known helper data induced min-entropy loss to factor in the effect of side-channels and show that the residual entropy per byte of SRAM-PUF reduces significantly due to &lt;Formula format=""inline""&gt;&lt;TexMath&gt;&lt;?TeX $mathsf {HW}$?&gt;&lt;/TexMath&gt;&lt;AltText&gt;Math 4&lt;/AltText&gt;&lt;File name=""glsvlsi24-88-inline4"" type=""svg""/&gt;&lt;/Formula&gt; leakage. Lastly, we propose an in-situ masking countermeasure using SRAM metastable cells, that effectively randomizes the side-channel signatures and reduces the &lt;Formula format=""inline""&gt;&lt;TexMath&gt;&lt;?TeX $mathsf {HW}$?&gt;&lt;/TexMath&gt;&lt;AltText&gt;Math 5&lt;/AltText&gt;&lt;File name=""glsvlsi24-88-inline5"" type=""svg""/&gt;&lt;/Formula&gt; prediction accuracy to &lt;Formula format=""inline""&gt;&lt;TexMath&gt;&lt;?TeX $&lt; 30%$?&gt;&lt;/TexMath&gt;&lt;AltText&gt;Math 6&lt;/AltText&gt;&lt;File name=""glsvlsi24-88-inline6"" type=""svg""/&gt;&lt;/Formula&gt;.",A,hybrid
1412,10.1145/3649476.3658783,Breaching the Gap: Modelling SRAM-PUFs via Side-Channel Signatures,"Cryptographic systems employing SRAM-based Physically Unclonable Functions (SRAM-PUFs) rely on the assumption that modelling the internal PUF state is practically infeasible. This work investigates the modelling prowess of an adversary with access to side-channel information collected from similar, albeit not identical, devices to develop templates for leakages. To the best of our knowledge, this is the first work to show the modelling vulnerability of SRAM-PUFs to side-channel leakages by utilizing the correlation between power, electromagnetic signatures obtained from similar devices with identical patterns in their PUF responses. To evaluate the effectiveness of our attack, we perform extensive experiments on ATmega328P and demonstrate a maximum accuracy of 98.45% in the Hamming Weight (&lt;Formula format=""inline""&gt;&lt;TexMath&gt;&lt;?TeX $mathsf {HW}$?&gt;&lt;/TexMath&gt;&lt;AltText&gt;Math 2&lt;/AltText&gt;&lt;File name=""glsvlsi24-88-inline2"" type=""svg""/&gt;&lt;/Formula&gt;) prediction of the PUF responses and &lt;Formula format=""inline""&gt;&lt;TexMath&gt;&lt;?TeX $96.91%$?&gt;&lt;/TexMath&gt;&lt;AltText&gt;Math 3&lt;/AltText&gt;&lt;File name=""glsvlsi24-88-inline3"" type=""svg""/&gt;&lt;/Formula&gt; for the exact PUF response over 50 target devices. Our attack’s feasibility also extends to newer technology nodes, as validated on the 32-bit ARM Cortex M0+. Additionally, we augment the well-known helper data induced min-entropy loss to factor in the effect of side-channels and show that the residual entropy per byte of SRAM-PUF reduces significantly due to &lt;Formula format=""inline""&gt;&lt;TexMath&gt;&lt;?TeX $mathsf {HW}$?&gt;&lt;/TexMath&gt;&lt;AltText&gt;Math 4&lt;/AltText&gt;&lt;File name=""glsvlsi24-88-inline4"" type=""svg""/&gt;&lt;/Formula&gt; leakage. Lastly, we propose an in-situ masking countermeasure using SRAM metastable cells, that effectively randomizes the side-channel signatures and reduces the &lt;Formula format=""inline""&gt;&lt;TexMath&gt;&lt;?TeX $mathsf {HW}$?&gt;&lt;/TexMath&gt;&lt;AltText&gt;Math 5&lt;/AltText&gt;&lt;File name=""glsvlsi24-88-inline5"" type=""svg""/&gt;&lt;/Formula&gt; prediction accuracy to &lt;Formula format=""inline""&gt;&lt;TexMath&gt;&lt;?TeX $&lt; 30%$?&gt;&lt;/TexMath&gt;&lt;AltText&gt;Math 6&lt;/AltText&gt;&lt;File name=""glsvlsi24-88-inline6"" type=""svg""/&gt;&lt;/Formula&gt;.",B,hybrid
902,10.1145/1866307.1866335,Modeling attacks on physical unclonable functions,"We show in this paper how several proposed Physical Unclonable Functions (PUFs) can be broken by numerical modeling attacks. Given a set of challenge-response pairs (CRPs) of a PUF, our attacks construct a computer algorithm which behaves indistinguishably from the original PUF on almost all CRPs. This algorithm can subsequently impersonate the PUF, and can be cloned and distributed arbitrarily. This breaks the security of essentially all applications and protocols that are based on the respective PUF. The PUFs we attacked successfully include standard Arbited PUFs and Ring Oscillator PUFs of arbitrary sizes, and XO Arbiter PUFs, Lightweight Secure PUFs, and Feed-Forward Arbiter PUFs of up to a given size and complexity. Our attacks are based upon various machine learning techniques including Logistic Regression and Evolution Strategies. Our work leads to new design requirements for secure electrical PUFs, and will be useful to PUF designers and attackers alike.",A,out-of-scope
902,10.1145/1866307.1866335,Modeling attacks on physical unclonable functions,"We show in this paper how several proposed Physical Unclonable Functions (PUFs) can be broken by numerical modeling attacks. Given a set of challenge-response pairs (CRPs) of a PUF, our attacks construct a computer algorithm which behaves indistinguishably from the original PUF on almost all CRPs. This algorithm can subsequently impersonate the PUF, and can be cloned and distributed arbitrarily. This breaks the security of essentially all applications and protocols that are based on the respective PUF. The PUFs we attacked successfully include standard Arbited PUFs and Ring Oscillator PUFs of arbitrary sizes, and XO Arbiter PUFs, Lightweight Secure PUFs, and Feed-Forward Arbiter PUFs of up to a given size and complexity. Our attacks are based upon various machine learning techniques including Logistic Regression and Evolution Strategies. Our work leads to new design requirements for secure electrical PUFs, and will be useful to PUF designers and attackers alike.",B,out-of-scope
569,10.1109/DAC18072.2020.9218491,On the security of strong memristor-based physically unclonable functions,"PUFs are cost-effective security primitives that extract unique identifiers from integrated circuits. However, since their introduction, PUFs have been subject to modeling attacks based on machine learning. Recently, researchers explored emerging nano-electronic technologies, e.g., memristors, to construct hybrid-PUFs, which outperform CMOS-only PUFs and are claimed to be more resilient to modeling attacks. However, since such PUF designs are not open-source, the security claims remain dubious. In this paper, we reproduce a set of memristor-PUFs and extensively evaluate their unpredictability property. By leveraging state-of-the-art machine learning algorithms, we show that it is feasible to successfully model memristor-PUFs with high prediction rates of 98%. Even incorporating XOR gates, to further strengthen PUFs' against modeling attacks, has a negligible effect.",A,out-of-scope
569,10.1109/DAC18072.2020.9218491,On the security of strong memristor-based physically unclonable functions,"PUFs are cost-effective security primitives that extract unique identifiers from integrated circuits. However, since their introduction, PUFs have been subject to modeling attacks based on machine learning. Recently, researchers explored emerging nano-electronic technologies, e.g., memristors, to construct hybrid-PUFs, which outperform CMOS-only PUFs and are claimed to be more resilient to modeling attacks. However, since such PUF designs are not open-source, the security claims remain dubious. In this paper, we reproduce a set of memristor-PUFs and extensively evaluate their unpredictability property. By leveraging state-of-the-art machine learning algorithms, we show that it is feasible to successfully model memristor-PUFs with high prediction rates of 98%. Even incorporating XOR gates, to further strengthen PUFs' against modeling attacks, has a negligible effect.",B,out-of-scope
538,10.1145/3453688.3461501,The Modeling Attack and Security Enhancement of the XbarPUF with Both Column Swapping and XORing,"To address the security challenge of integrated circuits, the Physical Unclonable Function (PUF) is of great concern as the root of trust. However, the PUF circuits are suffering from the modeling attacks in recent years. The design of anti-modeling-attack PUF is still an open issue. The XbarPUF with both column swapping and XORing was reported as an anti-modeling-attack PUF in 2017. This work proposes a two-step attack method. The first step transforms the target PUF into the XbarPUFs with XORing only, based on the column swapping states. The second step attacks the XbarPUFs with XORing only by the intentionally designed Artificial Neural Network (ANN) model. This method can predict the challenge response pairs (CRPs) of the XbarPUF with both column swapping and XORing successfully. To enhance the anti-modeling-attack capability, an improved XbarPUF is further proposed, which uses the dynamic column swapping technique. The results show that the prediction accuracy of attacks for the XbarPUF with both column swapping and XORing and the proposed XbarPUF reaches 98.96% and 70%, respectively, if the training CRPs account for one millionth of the total CRPs. The proposed XbarPUF has a better anti-attack capability than the XbarPUF with both column swapping and XORing.",A,out-of-scope
538,10.1145/3453688.3461501,The Modeling Attack and Security Enhancement of the XbarPUF with Both Column Swapping and XORing,"To address the security challenge of integrated circuits, the Physical Unclonable Function (PUF) is of great concern as the root of trust. However, the PUF circuits are suffering from the modeling attacks in recent years. The design of anti-modeling-attack PUF is still an open issue. The XbarPUF with both column swapping and XORing was reported as an anti-modeling-attack PUF in 2017. This work proposes a two-step attack method. The first step transforms the target PUF into the XbarPUFs with XORing only, based on the column swapping states. The second step attacks the XbarPUFs with XORing only by the intentionally designed Artificial Neural Network (ANN) model. This method can predict the challenge response pairs (CRPs) of the XbarPUF with both column swapping and XORing successfully. To enhance the anti-modeling-attack capability, an improved XbarPUF is further proposed, which uses the dynamic column swapping technique. The results show that the prediction accuracy of attacks for the XbarPUF with both column swapping and XORing and the proposed XbarPUF reaches 98.96% and 70%, respectively, if the training CRPs account for one millionth of the total CRPs. The proposed XbarPUF has a better anti-attack capability than the XbarPUF with both column swapping and XORing.",B,out-of-scope
1003,10.1109/ICCNS58795.2023.10193305,Exploring {Efficient} {Implementation} of {Delay}-based {PUF} {Design} on {FPGA},"The Internet of Things (IoT) presents unique challenges for security due to resource limitations. Physically unclonable function (PUF) technology offers a promising solution for cost-effective hardware identification and authentication. PUFs leverage process variations in integrated circuits to produce unique and unreplicable responses. They generate a significant number of challenge-response pairs (CRPs) for authentication. In IoT applications, Arbiter PUF (APUF) and its variants are considered the most appropriate lightweight security primitives. However, implementing a high-quality version of APUF on Field Programmable Gate Arrays (FPGA) has been challenging. This work proposes a practical implementation of APUF and XOR PUF on FPGA, improving flexibility and simplifying implementation. Our experimental analysis shows that APUF and XOR PUF demonstrate a remarkable reliability rate of 98\%. Additionally, the distribution of 1s and 0s in the response bit is almost uniform, indicating a randomness of 46.81\%. Furthermore, we conduct machine learning modeling attacks to assess the efficacy of the APUF and XOR PUF implementation.",A,out-of-scope
1003,10.1109/ICCNS58795.2023.10193305,Exploring {Efficient} {Implementation} of {Delay}-based {PUF} {Design} on {FPGA},"The Internet of Things (IoT) presents unique challenges for security due to resource limitations. Physically unclonable function (PUF) technology offers a promising solution for cost-effective hardware identification and authentication. PUFs leverage process variations in integrated circuits to produce unique and unreplicable responses. They generate a significant number of challenge-response pairs (CRPs) for authentication. In IoT applications, Arbiter PUF (APUF) and its variants are considered the most appropriate lightweight security primitives. However, implementing a high-quality version of APUF on Field Programmable Gate Arrays (FPGA) has been challenging. This work proposes a practical implementation of APUF and XOR PUF on FPGA, improving flexibility and simplifying implementation. Our experimental analysis shows that APUF and XOR PUF demonstrate a remarkable reliability rate of 98\%. Additionally, the distribution of 1s and 0s in the response bit is almost uniform, indicating a randomness of 46.81\%. Furthermore, we conduct machine learning modeling attacks to assess the efficacy of the APUF and XOR PUF implementation.",B,out-of-scope
1006,10.1109/TCAD.2020.2999907,Physically {Unclonable} and {Reconfigurable} {Computing} {System} ({PURCS}) for {Hardware} {Security} {Applications},"A physically unclonable and reconfigurable computing system is introduced which provides both logic locking and authentication of devices. A chaotic oscillator is required to generate the chaotic signals and can produce different Boolean functions using different tuning parameters, including a control bit, iteration number, threshold voltage, and bifurcation parameter. The aim of this article is to build a hybrid computing system with the mixed implementation of standard logic gates and reconfigurable chaos-based logic gates. The tuning parameters of the oscillator make up the secret key for logic locking. Process variation due to fabrication can be leveraged to generate unique keys for each chip. The whole computing system exhibits physical unclonable function (PUF) characteristics and can be used to generate challenge-response pairs (CRPs) for authenticating devices. We have used ISCAS'85 combinational benchmark circuits to demonstrate the results. The Hamming distance between correct and wrong outputs is calculated to ensure that 50\% of the output bits are flipped when the wrong key is applied. A Boolean SAT attack has been carried out on the system and it displays exponential complexity with an increase in the total number of chaos gates and key size of each chaos gate. The hybrid system demonstrates near-ideal PUF metrics, including uniqueness, uniformity, and bit aliasing. Common machine learning attacks have been executed on the CRPs generated from the whole system and results show that the proposed chaos-based PUF is robust against modeling attacks. The hybrid system has significantly less overhead compared to traditional systems containing both logic locking and PUF circuitry.",A,out-of-scope
1006,10.1109/TCAD.2020.2999907,Physically {Unclonable} and {Reconfigurable} {Computing} {System} ({PURCS}) for {Hardware} {Security} {Applications},"A physically unclonable and reconfigurable computing system is introduced which provides both logic locking and authentication of devices. A chaotic oscillator is required to generate the chaotic signals and can produce different Boolean functions using different tuning parameters, including a control bit, iteration number, threshold voltage, and bifurcation parameter. The aim of this article is to build a hybrid computing system with the mixed implementation of standard logic gates and reconfigurable chaos-based logic gates. The tuning parameters of the oscillator make up the secret key for logic locking. Process variation due to fabrication can be leveraged to generate unique keys for each chip. The whole computing system exhibits physical unclonable function (PUF) characteristics and can be used to generate challenge-response pairs (CRPs) for authenticating devices. We have used ISCAS'85 combinational benchmark circuits to demonstrate the results. The Hamming distance between correct and wrong outputs is calculated to ensure that 50\% of the output bits are flipped when the wrong key is applied. A Boolean SAT attack has been carried out on the system and it displays exponential complexity with an increase in the total number of chaos gates and key size of each chaos gate. The hybrid system demonstrates near-ideal PUF metrics, including uniqueness, uniformity, and bit aliasing. Common machine learning attacks have been executed on the CRPs generated from the whole system and results show that the proposed chaos-based PUF is robust against modeling attacks. The hybrid system has significantly less overhead compared to traditional systems containing both logic locking and PUF circuitry.",B,out-of-scope
1033,10.1109/TVLSI.2025.3569587,{BF} {PUF}: {A} {Modeling} {Attack}-{Resistant} {Strong} {PUF} {Based} on {Bent} {Functions},"Strong physical unclonable functions (PUFs) are promising circuits for lightweight Internet of Things (IoT) authentication and security. However, existing strong PUFs exhibit very low cryptographic nonlinearity (NL), making them vulnerable to machine learning (ML) modeling and cryptanalytic attack. To address this issue, we propose the Bent function PUF (BF PUF) based on Maiorana-McFarland (M-M) constructed Bent functions, which obfuscates the responses of the strong PUF to enhance resistance against modeling attacks. The core idea is to employ the M-M construction method for Bent functions to ensure maximum cryptographic NL to resist modeling attacks. A Feistel network is configured using weak PUF responses as keys to achieve device-specific and unpredictable mappings of input challenges while meeting the requirements of the M-M Bent function construction. A Python-based model of the BF PUF was developed, and simulation results indicate that the cryptographic NL of the proposed BF PUF outperforms k-xor arbiter PUFs (APUFs) ( k =2 , 4, 6). The proposed BF PUF was also implemented and evaluated on the FPGA hardware platform. The experimental results show that under modeling attacks using four ML algorithms—logistic regression (LR), artificial neural networks (ANNs), deep neural networks (DNNs), and covariance matrix adaptation evolution strategies (CMA-ES)—the best prediction accuracy under these four modeling attack algorithms is 52.60\%. The reliability under temperature fluctuations ranging from - 10 $^{\textrm{{\textbackslash}circ }}$ C to 80 $^{\textrm{{\textbackslash}circ }}$ C is between 84.20\% and 99.78\%.",A,out-of-scope
1033,10.1109/TVLSI.2025.3569587,{BF} {PUF}: {A} {Modeling} {Attack}-{Resistant} {Strong} {PUF} {Based} on {Bent} {Functions},"Strong physical unclonable functions (PUFs) are promising circuits for lightweight Internet of Things (IoT) authentication and security. However, existing strong PUFs exhibit very low cryptographic nonlinearity (NL), making them vulnerable to machine learning (ML) modeling and cryptanalytic attack. To address this issue, we propose the Bent function PUF (BF PUF) based on Maiorana-McFarland (M-M) constructed Bent functions, which obfuscates the responses of the strong PUF to enhance resistance against modeling attacks. The core idea is to employ the M-M construction method for Bent functions to ensure maximum cryptographic NL to resist modeling attacks. A Feistel network is configured using weak PUF responses as keys to achieve device-specific and unpredictable mappings of input challenges while meeting the requirements of the M-M Bent function construction. A Python-based model of the BF PUF was developed, and simulation results indicate that the cryptographic NL of the proposed BF PUF outperforms k-xor arbiter PUFs (APUFs) ( k =2 , 4, 6). The proposed BF PUF was also implemented and evaluated on the FPGA hardware platform. The experimental results show that under modeling attacks using four ML algorithms—logistic regression (LR), artificial neural networks (ANNs), deep neural networks (DNNs), and covariance matrix adaptation evolution strategies (CMA-ES)—the best prediction accuracy under these four modeling attack algorithms is 52.60\%. The reliability under temperature fluctuations ranging from - 10 $^{\textrm{{\textbackslash}circ }}$ C to 80 $^{\textrm{{\textbackslash}circ }}$ C is between 84.20\% and 99.78\%.",B,out-of-scope
1050,10.1109/TIFS.2024.3372801,Fully {Symmetrical} {Obfuscated} {Interconnection} and {Weak}-{PUF}-{Assisted} {Challenge} {Obfuscation} {Strong} {PUFs} {Against} {Machine}-{Learning} {Modeling} {Attacks},"In this paper, we propose a fully symmetrical obfuscated-interconnection PUF (SOI PUF), which contains n delay stages with each stage having 4k obfuscated interconnections for resisting machine learning (ML)-based modeling attacks. All the delay stages contribute to k PUF primitives while achieving a 20{\textbackslash}times increase in the number of possible interconnections with the same hardware resources over similar prior arts. The SOI PUF mathematical model also theoretically demonstrates the large number of nonlinear matrix multiplications for resisting ML-based modeling attacks. We further exploit parallel weak PUF cells and propose the challenge-obfuscated SOI PUF (cSOI PUF), which can effectively prevent adversaries from bypassing unknown interconnections through reverse engineering (RE) attacks. The proposed SOI PUF and cSOI PUFs are evaluated by both software simulation and FPGA measurements. Without requiring a large k as in the existing PUF architectures, the simulation results demonstrate that the proposed SOI and cSOI PUFs can achieve a 50\% prediction accuracy for k{\textbackslash}ge 3 , even when facing ML attacks using 5-hidden-layer Artificial Neural Network (ANN) with 40M training CRPs. Furthermore, the proposed (64,2/4/6/8)-SOI PUF and (64,2/4/6/8)-cSOI PUF implemented using Xilinx Artix-7 FPGA can both achieve a measured reliability and uniformity of {\textgreater}94\% and 50\%, respectively. Depending on the value of k , the uniqueness ranges from 29.1\% to 42.7\% for SOI PUFs, and further improves to 50\% for cSOI PUFs. The resilience against reliabiltiy-based modeling attacks, Probably Approximately Correct (PAC) attacks and RE-based modeling attacks will also be discussed.",A,out-of-scope
1050,10.1109/TIFS.2024.3372801,Fully {Symmetrical} {Obfuscated} {Interconnection} and {Weak}-{PUF}-{Assisted} {Challenge} {Obfuscation} {Strong} {PUFs} {Against} {Machine}-{Learning} {Modeling} {Attacks},"In this paper, we propose a fully symmetrical obfuscated-interconnection PUF (SOI PUF), which contains n delay stages with each stage having 4k obfuscated interconnections for resisting machine learning (ML)-based modeling attacks. All the delay stages contribute to k PUF primitives while achieving a 20{\textbackslash}times increase in the number of possible interconnections with the same hardware resources over similar prior arts. The SOI PUF mathematical model also theoretically demonstrates the large number of nonlinear matrix multiplications for resisting ML-based modeling attacks. We further exploit parallel weak PUF cells and propose the challenge-obfuscated SOI PUF (cSOI PUF), which can effectively prevent adversaries from bypassing unknown interconnections through reverse engineering (RE) attacks. The proposed SOI PUF and cSOI PUFs are evaluated by both software simulation and FPGA measurements. Without requiring a large k as in the existing PUF architectures, the simulation results demonstrate that the proposed SOI and cSOI PUFs can achieve a 50\% prediction accuracy for k{\textbackslash}ge 3 , even when facing ML attacks using 5-hidden-layer Artificial Neural Network (ANN) with 40M training CRPs. Furthermore, the proposed (64,2/4/6/8)-SOI PUF and (64,2/4/6/8)-cSOI PUF implemented using Xilinx Artix-7 FPGA can both achieve a measured reliability and uniformity of {\textgreater}94\% and 50\%, respectively. Depending on the value of k , the uniqueness ranges from 29.1\% to 42.7\% for SOI PUFs, and further improves to 50\% for cSOI PUFs. The resilience against reliabiltiy-based modeling attacks, Probably Approximately Correct (PAC) attacks and RE-based modeling attacks will also be discussed.",B,out-of-scope
1059,10.1109/JIOT.2021.3090475,{CT} {PUF}: {Configurable} {Tristate} {PUF} {Against} {Machine} {Learning} {Attacks} for {IoT} {Security},"Physical unclonable function (PUF) is a promising lightweight hardware security primitive for resource-limited Internet-of-Things (IoT) devices. Strong PUFs are suitable for lightweight device authentication because it can generate quantities of challenge-response pairs. Unfortunately, while the machine learning (ML) techniques have benefited various areas, such as Internet, industrial automation, robotics and gaming, they pose a severe threat to PUFs by easily modelling their behavior. This article first shows that even a recently reported dual-mode PUF can be cloned by ML (prediction accuracy of up to 95\%). To solve this issue, we propose a configurable tristate (CT) PUF which can flexibly perform as an arbiter PUF, a ring oscillator (RO) PUF, or a bistable ring (BR) PUF with a bitwise XOR-based mechanism to obfuscate the relationship between the challenge and the response, hence resisting the ML attacks. An authentication protocol for the use in IoT security is presented. The CT PUF is implemented on Xilinx ZedBoard FPGAs with placement and routing details described. The experimental results show that the modelling accuracy of logistic regression (LR), support vector machine (SVM), covariance matrix adaptation evolutionary strategies (CMA-ES), and artificial neural network (ANN) is close to 60\% (50\% as the ideal number in theory) while meeting the PUF requirements for uniformity, reliability, and uniqueness. The hardware overhead and power consumption are slight. The entire project has been open sourced.",A,out-of-scope
1059,10.1109/JIOT.2021.3090475,{CT} {PUF}: {Configurable} {Tristate} {PUF} {Against} {Machine} {Learning} {Attacks} for {IoT} {Security},"Physical unclonable function (PUF) is a promising lightweight hardware security primitive for resource-limited Internet-of-Things (IoT) devices. Strong PUFs are suitable for lightweight device authentication because it can generate quantities of challenge-response pairs. Unfortunately, while the machine learning (ML) techniques have benefited various areas, such as Internet, industrial automation, robotics and gaming, they pose a severe threat to PUFs by easily modelling their behavior. This article first shows that even a recently reported dual-mode PUF can be cloned by ML (prediction accuracy of up to 95\%). To solve this issue, we propose a configurable tristate (CT) PUF which can flexibly perform as an arbiter PUF, a ring oscillator (RO) PUF, or a bistable ring (BR) PUF with a bitwise XOR-based mechanism to obfuscate the relationship between the challenge and the response, hence resisting the ML attacks. An authentication protocol for the use in IoT security is presented. The CT PUF is implemented on Xilinx ZedBoard FPGAs with placement and routing details described. The experimental results show that the modelling accuracy of logistic regression (LR), support vector machine (SVM), covariance matrix adaptation evolutionary strategies (CMA-ES), and artificial neural network (ANN) is close to 60\% (50\% as the ideal number in theory) while meeting the PUF requirements for uniformity, reliability, and uniqueness. The hardware overhead and power consumption are slight. The entire project has been open sourced.",B,out-of-scope
1062,10.1109/TNANO.2017.2677882,Robustness {Analysis} of a {Memristive} {Crossbar} {PUF} {Against} {Modeling} {Attacks},"In the greater context of computer security, hardware security issues such as integrated circuit counterfeiting, cloning, reverse engineering and piracy have emerged as critical issues due in part to an increasingly globalized supply chain. To help combat hardware security vulnerabilities, a wide range of security primitives have emerged in recent years. A popular example is physical unclonable functions (PUFs) that leverage process variations to provide unique signatures or fingerprints that can be used for authentication or secret key generation. Nanoelectronic technologies, such as the memristor technologies considered here, provide an excellent opportunity to engineer dense, energy-efficient PUF circuits with desirable statistical properties. Here, we specifically focus on the design considerations of a memristive crossbar based PUF that generates response bits as a function of variable memristor switching time. In addition to describing the operation of the crossbar PUF, we also consider its resilience to two specific machine learning attacks, specifically through the use of linear regression and support vector machines. Two circuit design modifications for the crossbar PUF are provided to improve the resilience to machine learning attacks: XORing of response bits and internal column swapping. We show that the design modifications lead to a reduction in the likelihood of successful attack to about 50\% (near ideal) even given 5000 iterations for the attack itself. We also provide power estimates and performance considerations for the crossbar PUF based on three specific memristive material stacks: hafnium-oxide, tantalum-oxide, and titanium-oxide.",A,out-of-scope
1062,10.1109/TNANO.2017.2677882,Robustness {Analysis} of a {Memristive} {Crossbar} {PUF} {Against} {Modeling} {Attacks},"In the greater context of computer security, hardware security issues such as integrated circuit counterfeiting, cloning, reverse engineering and piracy have emerged as critical issues due in part to an increasingly globalized supply chain. To help combat hardware security vulnerabilities, a wide range of security primitives have emerged in recent years. A popular example is physical unclonable functions (PUFs) that leverage process variations to provide unique signatures or fingerprints that can be used for authentication or secret key generation. Nanoelectronic technologies, such as the memristor technologies considered here, provide an excellent opportunity to engineer dense, energy-efficient PUF circuits with desirable statistical properties. Here, we specifically focus on the design considerations of a memristive crossbar based PUF that generates response bits as a function of variable memristor switching time. In addition to describing the operation of the crossbar PUF, we also consider its resilience to two specific machine learning attacks, specifically through the use of linear regression and support vector machines. Two circuit design modifications for the crossbar PUF are provided to improve the resilience to machine learning attacks: XORing of response bits and internal column swapping. We show that the design modifications lead to a reduction in the likelihood of successful attack to about 50\% (near ideal) even given 5000 iterations for the attack itself. We also provide power estimates and performance considerations for the crossbar PUF based on three specific memristive material stacks: hafnium-oxide, tantalum-oxide, and titanium-oxide.",B,out-of-scope
1066,10.1109/AsianHOST59942.2023.10409383,A {Lightweight} and {Machine}-{Learning}-{Resistant} {PUF} framework based on {Nonlinear} {Structure} and {Obfuscating} {Challenges},"Physically unclonable functions (PUFs) are an attractive and low-cost security primitive because it requires no storage and is easy to implement. PUFs arise from changes in the manufacturing process of the device and can generate secure and unique keys for secure storage, authentication, and data encryption. In addition, the keys generated by PUFs should be reliable, independent, and themselves resistant to attacks and reverse engineering. In this paper, a new PUF framework is proposed, which segments the whole structure, introduces the non-linearity of the structure, uses the previous challenges and the later challenges are XOR with the previous response, which introduces the obfuscation of the challenges to improve the resistance to machine learning attack. The framework can be used for any kind of strong PUF implementation. In this paper, the whole framework is implemented with RO ring PUF, the PUF shows excellent performance, and the RO ring is modified with four input multiplexer and only a pair of counters and a comparator for multiple rings, which significantly reduces the hardware resource consumption. The PUF has passed machine learning attacks with significant resistance to Logistic Regression(LR) and Covariance Matrix Adaptation Evolutionary Strategies(CMA-ES).",A,out-of-scope
1066,10.1109/AsianHOST59942.2023.10409383,A {Lightweight} and {Machine}-{Learning}-{Resistant} {PUF} framework based on {Nonlinear} {Structure} and {Obfuscating} {Challenges},"Physically unclonable functions (PUFs) are an attractive and low-cost security primitive because it requires no storage and is easy to implement. PUFs arise from changes in the manufacturing process of the device and can generate secure and unique keys for secure storage, authentication, and data encryption. In addition, the keys generated by PUFs should be reliable, independent, and themselves resistant to attacks and reverse engineering. In this paper, a new PUF framework is proposed, which segments the whole structure, introduces the non-linearity of the structure, uses the previous challenges and the later challenges are XOR with the previous response, which introduces the obfuscation of the challenges to improve the resistance to machine learning attack. The framework can be used for any kind of strong PUF implementation. In this paper, the whole framework is implemented with RO ring PUF, the PUF shows excellent performance, and the RO ring is modified with four input multiplexer and only a pair of counters and a comparator for multiple rings, which significantly reduces the hardware resource consumption. The PUF has passed machine learning attacks with significant resistance to Logistic Regression(LR) and Covariance Matrix Adaptation Evolutionary Strategies(CMA-ES).",B,out-of-scope
1078,10.1109/JIOT.2025.3630043,A {Configurable} {Four}-{State} {Hybrid} {PUF} {Against} {Machine} {Learning} {Attacks},"Strong physical unclonable functions (PUFs) are considered the most promising circuits for lightweight Internet of Things (IoT) authentication. However, current white-box attacks on PUF circuits through reverse engineering compromise the effectiveness of many anti-modeling attack techniques. To address this challenge, we propose a configurable four-state hybrid PUF (CF PUF), which includes three strong PUFs and one weak PUF. The proposed structure uses the key stream generated in the weak PUF state to control the configuration state transition sequence of the CF PUF. This approach allows the PUF’s challenge-response mapping structure to be dynamically controlled by the unpredictable weak PUF, rather than relying on a fixed PUF structure, thereby providing enhanced resistance to white-box attacks through reverse engineering. To hide the weak PUF characteristics and prevent reverse analysis attackers from using divide-and-conquer methods to break the weak PUF, we employ LUT6\_2 resources to embed the weak PUF structure into strong PUFs with minimal hardware overhead. The proposed CF PUF was implemented and evaluated on an Xilinx Artix-7 FPGA hardware platform. Experimental results demonstrate that the proposed solution achieves good prediction resistance, with the best modeling accuracy limited to 54.6\% under 1M CRPs across logistic regression (LR), support vector machine (SVM), artificial neural network (ANN), and covariance matrix adaptation evolution strategy (CMA-ES) attacks. Moreover, it maintains good reliability, averaging 98.02\% under temperature variations from - 20 $^{\textrm{{\textbackslash}circ }}$ C to 80 $^{\textrm{{\textbackslash}circ }}$ C.",A,out-of-scope
1078,10.1109/JIOT.2025.3630043,A {Configurable} {Four}-{State} {Hybrid} {PUF} {Against} {Machine} {Learning} {Attacks},"Strong physical unclonable functions (PUFs) are considered the most promising circuits for lightweight Internet of Things (IoT) authentication. However, current white-box attacks on PUF circuits through reverse engineering compromise the effectiveness of many anti-modeling attack techniques. To address this challenge, we propose a configurable four-state hybrid PUF (CF PUF), which includes three strong PUFs and one weak PUF. The proposed structure uses the key stream generated in the weak PUF state to control the configuration state transition sequence of the CF PUF. This approach allows the PUF’s challenge-response mapping structure to be dynamically controlled by the unpredictable weak PUF, rather than relying on a fixed PUF structure, thereby providing enhanced resistance to white-box attacks through reverse engineering. To hide the weak PUF characteristics and prevent reverse analysis attackers from using divide-and-conquer methods to break the weak PUF, we employ LUT6\_2 resources to embed the weak PUF structure into strong PUFs with minimal hardware overhead. The proposed CF PUF was implemented and evaluated on an Xilinx Artix-7 FPGA hardware platform. Experimental results demonstrate that the proposed solution achieves good prediction resistance, with the best modeling accuracy limited to 54.6\% under 1M CRPs across logistic regression (LR), support vector machine (SVM), artificial neural network (ANN), and covariance matrix adaptation evolution strategy (CMA-ES) attacks. Moreover, it maintains good reliability, averaging 98.02\% under temperature variations from - 20 $^{\textrm{{\textbackslash}circ }}$ C to 80 $^{\textrm{{\textbackslash}circ }}$ C.",B,out-of-scope
1083,10.1109/TDSC.2025.3632835,A {Parallel} {Feedback} {Obfuscation} {Strong} {PUF} {Against} {Machine}-{Learning} {Modeling} {Attacks} and {Lightweight} {Authentication} {Protocol},"Arbiter physical unclonable function (APUF) is a hardware security primitive that generates security keys by utilizing unavoidable process variations during chip manufacturing. However, the structure based on linear additive function makes it vulnerable to machine learning (ML) attacks. This paper proposes a parallel feedback obfuscation PUF (PFO PUF) design, which uses intermediate arbitration signals of the lower-layer APUF to generate the hidden challenge of the upper-layer APUF, enhancing the overall nonlinearity of the structure. The obfuscation module makes weight judgment for intermediate arbitration signals of upper-layer and lower-layer APUFs, which obfuscates the real response of PUF. We further design a variant of PFO PUF called reconfigured challenge obfuscation PFO PUF (RPFO PUF) and propose its lightweight device authentication protocol. RPFO PUF enhances the resistance of the original PFO PUF against reverse engineering (RE) and improves its Strict Avalanche Criterion (SAC) characteristic by reordering the challenges and incorporating weak PUF responses. The proposed PFO PUF and RPFO PUF were comprehensively evaluated via Python-based simulations and FPGA measurements. In Python simulations, both designs show strong resistance to state-of-the-art ML attacks, with logistic regression (LR), support vector machine (SVM), and covariance matrix adaptation evolution strategies (CMA-ES) yielding near 50\% prediction accuracies under various PUF configurations. Although deep neural network (DNN) achieves up to 69.52\% prediction accuracy on the PFO PUF, it drops to ∼50\% on the RPFO PUF. FPGA results further confirm this, with the (32, 11)-RPFO PUF achieving a maximum prediction accuracy of only 51.47\% across all four ML attacks. Moreover, both designs incur low hardware overheads, requiring just 743 and 2145 gate equivalents (GEs), respectively.",A,out-of-scope
1083,10.1109/TDSC.2025.3632835,A {Parallel} {Feedback} {Obfuscation} {Strong} {PUF} {Against} {Machine}-{Learning} {Modeling} {Attacks} and {Lightweight} {Authentication} {Protocol},"Arbiter physical unclonable function (APUF) is a hardware security primitive that generates security keys by utilizing unavoidable process variations during chip manufacturing. However, the structure based on linear additive function makes it vulnerable to machine learning (ML) attacks. This paper proposes a parallel feedback obfuscation PUF (PFO PUF) design, which uses intermediate arbitration signals of the lower-layer APUF to generate the hidden challenge of the upper-layer APUF, enhancing the overall nonlinearity of the structure. The obfuscation module makes weight judgment for intermediate arbitration signals of upper-layer and lower-layer APUFs, which obfuscates the real response of PUF. We further design a variant of PFO PUF called reconfigured challenge obfuscation PFO PUF (RPFO PUF) and propose its lightweight device authentication protocol. RPFO PUF enhances the resistance of the original PFO PUF against reverse engineering (RE) and improves its Strict Avalanche Criterion (SAC) characteristic by reordering the challenges and incorporating weak PUF responses. The proposed PFO PUF and RPFO PUF were comprehensively evaluated via Python-based simulations and FPGA measurements. In Python simulations, both designs show strong resistance to state-of-the-art ML attacks, with logistic regression (LR), support vector machine (SVM), and covariance matrix adaptation evolution strategies (CMA-ES) yielding near 50\% prediction accuracies under various PUF configurations. Although deep neural network (DNN) achieves up to 69.52\% prediction accuracy on the PFO PUF, it drops to ∼50\% on the RPFO PUF. FPGA results further confirm this, with the (32, 11)-RPFO PUF achieving a maximum prediction accuracy of only 51.47\% across all four ML attacks. Moreover, both designs incur low hardware overheads, requiring just 743 and 2145 gate equivalents (GEs), respectively.",B,out-of-scope
1116,10.1109/TCAD.2025.3634218,A {Markov}-{Chain}-{Based} {PUF} {Using} {Chain}-{Block}-{Obfuscation} {Mechanism} {Resisting} {Machine} {Learning} {Attacks} {With} {High} {Uniformity} {Robustness},"Physical unclonable functions (PUFs) are lightweight hardware security primitives suitable for resource-constrained Internet of Things (IoT) devices. The arbiter PUF (APUF), as a classic strong PUF structure, is well-suited for lightweight device authentication. Unfortunately, due to certain structural characteristics, the classic APUF can be successfully modeled by various machine learning (ML) models with only a small number of challenge-response pair (CRP) samples. To address this security issue, in this article, we build upon the classic APUF structure by introducing a chain block obfuscation (CBO) mechanism and a Markov obfuscation mechanism at the input and output stages, respectively. This approach demonstrates strong resistance against four ML models—logistic regression (LR), support vector machine (SVM), covariance matrix adaptation evolutionary strategies (CMA-ES), and artificial neural networks (ANNs)—while optimizing hardware resource usage by at least 53.4\% compared to previous attack-resistant structures. Even with up to 2M CRPs for training, the prediction accuracy remains around 50\%. Additionally, xor, a widely adopted output obfuscation mechanism by many researchers, has limitations in output uniformity when the number of intrachip parallel APUFs is small. Studies have shown that the uniqueness between intrachip APUFs may not reach the ideal value of 50\%. In such cases, especially when there are only two parallel APUFs in the circuit, the uniformity of the xor output is affected by insufficient uniqueness. To address this issue, this article proposes a MUX-based Markov output obfuscation mechanism. Experimental data on the Xilinx Artix-7 field-programmable gate array (FPGA) platform demonstrate that this mechanism exhibits strong robustness in uniformity compared to the traditional xor output obfuscation, particularly when the number of intrachip parallel APUFs is small.",A,out-of-scope
1116,10.1109/TCAD.2025.3634218,A {Markov}-{Chain}-{Based} {PUF} {Using} {Chain}-{Block}-{Obfuscation} {Mechanism} {Resisting} {Machine} {Learning} {Attacks} {With} {High} {Uniformity} {Robustness},"Physical unclonable functions (PUFs) are lightweight hardware security primitives suitable for resource-constrained Internet of Things (IoT) devices. The arbiter PUF (APUF), as a classic strong PUF structure, is well-suited for lightweight device authentication. Unfortunately, due to certain structural characteristics, the classic APUF can be successfully modeled by various machine learning (ML) models with only a small number of challenge-response pair (CRP) samples. To address this security issue, in this article, we build upon the classic APUF structure by introducing a chain block obfuscation (CBO) mechanism and a Markov obfuscation mechanism at the input and output stages, respectively. This approach demonstrates strong resistance against four ML models—logistic regression (LR), support vector machine (SVM), covariance matrix adaptation evolutionary strategies (CMA-ES), and artificial neural networks (ANNs)—while optimizing hardware resource usage by at least 53.4\% compared to previous attack-resistant structures. Even with up to 2M CRPs for training, the prediction accuracy remains around 50\%. Additionally, xor, a widely adopted output obfuscation mechanism by many researchers, has limitations in output uniformity when the number of intrachip parallel APUFs is small. Studies have shown that the uniqueness between intrachip APUFs may not reach the ideal value of 50\%. In such cases, especially when there are only two parallel APUFs in the circuit, the uniformity of the xor output is affected by insufficient uniqueness. To address this issue, this article proposes a MUX-based Markov output obfuscation mechanism. Experimental data on the Xilinx Artix-7 field-programmable gate array (FPGA) platform demonstrate that this mechanism exhibits strong robustness in uniformity compared to the traditional xor output obfuscation, particularly when the number of intrachip parallel APUFs is small.",B,out-of-scope
1128,10.1109/TCSI.2024.3466972,"A {High}-{Reliability}, {Non}-{CRP}-{Discard} {Arbiter} {PUF} {Based} on {Delay} {Difference} {Quantization}","As a lightweight hardware security primitive, physical unclonable functions (PUFs) can provide reliable identity authentication for the Internet of Things (IoT) devices with limited resources. Arbiter PUF (APUF) is one of the most well-known PUF circuits. However, its hardware implementation has poor reliability on field programmable gate arrays (FPGAs). This paper proposed a highly reliable APUF that uses a delay difference quantization strategy (DDQ-APUF). By adding multiple configurable delay units to the two symmetrical paths of the conventional APUF, the delay difference between the two symmetrical paths of APUF can be obtained by collecting the output of APUF under different delay configurations. Compared to conventional APUFs, DDQ-APUF does not use the arbitration result of signal transmission in two symmetric paths as its response, but rather uses the quantified delay difference between the two paths as its response. A tolerance threshold is adopted in the authentication to accommodate the variations in delay differences due to environmental changes. Moreover, the modeling attack resistance of DDQ-APUF is evaluated, and a strategy for improving this resistance by incorporating pseudo-XOR technique is proposed. The circuit was implemented on Xilinx Artix-7 FPGAs and the experimental results show that the reliability achieves 99.95\% with non-CRP-discard.",A,out-of-scope
1128,10.1109/TCSI.2024.3466972,"A {High}-{Reliability}, {Non}-{CRP}-{Discard} {Arbiter} {PUF} {Based} on {Delay} {Difference} {Quantization}","As a lightweight hardware security primitive, physical unclonable functions (PUFs) can provide reliable identity authentication for the Internet of Things (IoT) devices with limited resources. Arbiter PUF (APUF) is one of the most well-known PUF circuits. However, its hardware implementation has poor reliability on field programmable gate arrays (FPGAs). This paper proposed a highly reliable APUF that uses a delay difference quantization strategy (DDQ-APUF). By adding multiple configurable delay units to the two symmetrical paths of the conventional APUF, the delay difference between the two symmetrical paths of APUF can be obtained by collecting the output of APUF under different delay configurations. Compared to conventional APUFs, DDQ-APUF does not use the arbitration result of signal transmission in two symmetric paths as its response, but rather uses the quantified delay difference between the two paths as its response. A tolerance threshold is adopted in the authentication to accommodate the variations in delay differences due to environmental changes. Moreover, the modeling attack resistance of DDQ-APUF is evaluated, and a strategy for improving this resistance by incorporating pseudo-XOR technique is proposed. The circuit was implemented on Xilinx Artix-7 FPGAs and the experimental results show that the reliability achieves 99.95\% with non-CRP-discard.",B,out-of-scope
508,10.1145/3491212,"Implementation, Characterization and Application of Path Changing Switch based Arbiter PUF on FPGA as a lightweight Security Primitive for IoT","Secure authentication of any Internet-of-Things (IoT) device becomes the utmost necessity due to the lack of specifically designed IoT standards and intrinsic vulnerabilities with limited resources and heterogeneous technologies. Despite the suitability of arbiter physically unclonable function (APUF) among other PUF variants for the IoT applications, implementing it on field-programmable gate arrays (FPGAs) is challenging. This work presents the complete characterization of the path changing switch (PCS)1 based APUF on two different families of FPGA, like Spartan-3E (90 nm CMOS) and Artix-7 (28 nm CMOS). A comprehensive study of the existing tuning concept for programmable delay logic (PDL) based APUF implemented on FPGA is presented, leading to establishment of its practical infeasibility. We investigate the entropy, randomness properties of the PCS based APUF suitable for practical applications, and the effect of temperature variation signifying the adequate tolerance against environmental variation. The XOR composition of PCS based APUF is introduced to boost performance and security. The robustness of the PCS based APUF against machine learning based modeling attack is evaluated, showing similar characteristics as the conventional APUF. Experimental results validate the efficacy of PCS based APUF with a little hardware footprint removing the paucity of lightweight security primitive for IoT.",A,out-of-scope
508,10.1145/3491212,"Implementation, Characterization and Application of Path Changing Switch based Arbiter PUF on FPGA as a lightweight Security Primitive for IoT","Secure authentication of any Internet-of-Things (IoT) device becomes the utmost necessity due to the lack of specifically designed IoT standards and intrinsic vulnerabilities with limited resources and heterogeneous technologies. Despite the suitability of arbiter physically unclonable function (APUF) among other PUF variants for the IoT applications, implementing it on field-programmable gate arrays (FPGAs) is challenging. This work presents the complete characterization of the path changing switch (PCS)1 based APUF on two different families of FPGA, like Spartan-3E (90 nm CMOS) and Artix-7 (28 nm CMOS). A comprehensive study of the existing tuning concept for programmable delay logic (PDL) based APUF implemented on FPGA is presented, leading to establishment of its practical infeasibility. We investigate the entropy, randomness properties of the PCS based APUF suitable for practical applications, and the effect of temperature variation signifying the adequate tolerance against environmental variation. The XOR composition of PCS based APUF is introduced to boost performance and security. The robustness of the PCS based APUF against machine learning based modeling attack is evaluated, showing similar characteristics as the conventional APUF. Experimental results validate the efficacy of PCS based APUF with a little hardware footprint removing the paucity of lightweight security primitive for IoT.",B,out-of-scope
1442,10.1145/3557742,A Problem-tailored Adversarial Deep Neural Network-Based Attack Model for Feed-Forward Physical Unclonable Functions,"With the exceeding advancement in technology, the sophistication of attacks is considerably increasing. Standard security methods fall short of achieving the security essentials of IoT against physical attacks due to the nature of IoTs being resource-constrained elements. Physical Unclonable Functions (PUFs) have been successfully employed as a lightweight memoryless solution to secure IoT devices. PUF is a device that exploits the integrated circuits’ inherent randomness originated during the fabrication process to give each physical entity a unique identifier. Nevertheless, because PUFs are vulnerable to mathematical clonability, Feed-Forward Arbiter PUF (FF PUF) was introduced to withstand potential attack methods. Motivated by the necessity to expose a critical vulnerability of the standard FF PUFs design, we introduce a problem-tailored adversarial model to attack FF PUF design using a carefully engineered loop-specific neural network-based design calibrated and trained using FPGA-based in-silicon implementation data to exhibit real-world attacking scenarios posed on FF PUFs, in addition to applying simulated data. The empirical results show that the proposed adversarial model adds outperforming results to the existing studies in attacking FF PUFs, manifesting the improved efficiency in breaking FF PUFs. We demonstrate our high-performing results in numerical experiments of language modeling using the deep Neural Networks method.",A,out-of-scope
1442,10.1145/3557742,A Problem-tailored Adversarial Deep Neural Network-Based Attack Model for Feed-Forward Physical Unclonable Functions,"With the exceeding advancement in technology, the sophistication of attacks is considerably increasing. Standard security methods fall short of achieving the security essentials of IoT against physical attacks due to the nature of IoTs being resource-constrained elements. Physical Unclonable Functions (PUFs) have been successfully employed as a lightweight memoryless solution to secure IoT devices. PUF is a device that exploits the integrated circuits’ inherent randomness originated during the fabrication process to give each physical entity a unique identifier. Nevertheless, because PUFs are vulnerable to mathematical clonability, Feed-Forward Arbiter PUF (FF PUF) was introduced to withstand potential attack methods. Motivated by the necessity to expose a critical vulnerability of the standard FF PUFs design, we introduce a problem-tailored adversarial model to attack FF PUF design using a carefully engineered loop-specific neural network-based design calibrated and trained using FPGA-based in-silicon implementation data to exhibit real-world attacking scenarios posed on FF PUFs, in addition to applying simulated data. The empirical results show that the proposed adversarial model adds outperforming results to the existing studies in attacking FF PUFs, manifesting the improved efficiency in breaking FF PUFs. We demonstrate our high-performing results in numerical experiments of language modeling using the deep Neural Networks method.",B,out-of-scope
1518,10.1145/2966986.2967000,An optimization-theoretic approach for attacking physical unclonable functions,"Physical unclonable functions (PUFs) utilize manufacturing ariations of circuit elements to produce unpredictable response to any challenge vector. The attack on PUF aims to predict the PUF response to all challenge vectors while only a small number of challenge-response pairs (CRPs) are known. The target PUFs in this paper include the Arbiter PUF (ArbPUF) and the Memristor Crossbar PUF (MXbarPUF). The manufacturing variations of the circuit elements in the targeted PUF can be characterized by a weight vector. An optimization-theoretic attack on the target PUFs is proposed. The feasible space for a PUF's weight vector is described by a convex polytope confined by the known CRPs. The centroid of the polytope is chosen as the estimate of the actual weight vector, while new CRPs are adaptively added into the original set of known CRPs. The linear behavior of both ArbPUF and MXbarPUF is proven which ensures that the feasible space for their weight vectors is convex. Simulation shows that our approach needs 71.4% fewer known CRPs and 86.5% less time than the state-of-the-art machine learning based approach.",A,out-of-scope
1518,10.1145/2966986.2967000,An optimization-theoretic approach for attacking physical unclonable functions,"Physical unclonable functions (PUFs) utilize manufacturing ariations of circuit elements to produce unpredictable response to any challenge vector. The attack on PUF aims to predict the PUF response to all challenge vectors while only a small number of challenge-response pairs (CRPs) are known. The target PUFs in this paper include the Arbiter PUF (ArbPUF) and the Memristor Crossbar PUF (MXbarPUF). The manufacturing variations of the circuit elements in the targeted PUF can be characterized by a weight vector. An optimization-theoretic attack on the target PUFs is proposed. The feasible space for a PUF's weight vector is described by a convex polytope confined by the known CRPs. The centroid of the polytope is chosen as the estimate of the actual weight vector, while new CRPs are adaptively added into the original set of known CRPs. The linear behavior of both ArbPUF and MXbarPUF is proven which ensures that the feasible space for their weight vectors is convex. Simulation shows that our approach needs 71.4% fewer known CRPs and 86.5% less time than the state-of-the-art machine learning based approach.",B,out-of-scope
454,10.1145/3477997.3478001,Why Deep Learning Makes it Difficult to Keep Secrets in FPGAs,"With the growth of popularity of Field-Programmable Gate Arrays (FPGAs) in cloud environments, new paradigms such as FPGA-as-a-Service (FaaS) emerge. This challenges the conventional FPGA security models which assume trust between the user and the hardware owner. In an FaaS scenario, the user may want to keep data or FPGA configuration bitstream confidential in order to protect privacy or intellectual property. However, securing FaaS use cases is hard due to the difficulty of protecting encryption keys and other secrets from the hardware owner. In this paper we demonstrate that even advanced key provisioning and remote attestation methods based on Physical Unclonable Functions (PUFs) can be broken by profiling side-channel attacks employing deep learning. Using power traces from two profiling FPGA boards implementing an arbiter PUF, we train a Convolutional Neural Network (CNN) model to learn features corresponding to “0” and “1” PUF’s responses. Then, we use the resulting model to classify responses of PUFs implemented in FPGA boards under attack (different from the profiling boards). We show that the presented attack can overcome countermeasures based on encrypting challenges and responses of a PUF.",A,hybrid
454,10.1145/3477997.3478001,Why Deep Learning Makes it Difficult to Keep Secrets in FPGAs,"With the growth of popularity of Field-Programmable Gate Arrays (FPGAs) in cloud environments, new paradigms such as FPGA-as-a-Service (FaaS) emerge. This challenges the conventional FPGA security models which assume trust between the user and the hardware owner. In an FaaS scenario, the user may want to keep data or FPGA configuration bitstream confidential in order to protect privacy or intellectual property. However, securing FaaS use cases is hard due to the difficulty of protecting encryption keys and other secrets from the hardware owner. In this paper we demonstrate that even advanced key provisioning and remote attestation methods based on Physical Unclonable Functions (PUFs) can be broken by profiling side-channel attacks employing deep learning. Using power traces from two profiling FPGA boards implementing an arbiter PUF, we train a Convolutional Neural Network (CNN) model to learn features corresponding to “0” and “1” PUF’s responses. Then, we use the resulting model to classify responses of PUFs implemented in FPGA boards under attack (different from the profiling boards). We show that the presented attack can overcome countermeasures based on encrypting challenges and responses of a PUF.",B,hybrid
691,10.1145/3184066.3184100,EM based machine learning attack for XOR arbiter PUF,"The physical unclonable functions (PUFs) have been attracted attention to prevent semiconductor counterfeits. However, the risk of machine learning attack for an arbiter PUF, which is one of the typical PUFs, has been reported. Therefore, an XOR arbiter PUF, which has a resistance against the machine learning attack, was proposed. However, in recent years, a new machine learning attack using power consumption during the operation of the PUF circuit was reported. Also, it is important that the detailed tamper resistance verification of the PUFs to consider the security of the PUFs in the future. Therefore, this study proposes a new machine learning attack using electromagnetic waveforms for the XOR arbiter PUF. Experiments by an actual device evaluate the validity of the proposed method and the security of the XOR arbiter PUF.",A,hybrid
691,10.1145/3184066.3184100,EM based machine learning attack for XOR arbiter PUF,"The physical unclonable functions (PUFs) have been attracted attention to prevent semiconductor counterfeits. However, the risk of machine learning attack for an arbiter PUF, which is one of the typical PUFs, has been reported. Therefore, an XOR arbiter PUF, which has a resistance against the machine learning attack, was proposed. However, in recent years, a new machine learning attack using power consumption during the operation of the PUF circuit was reported. Also, it is important that the detailed tamper resistance verification of the PUFs to consider the security of the PUFs in the future. Therefore, this study proposes a new machine learning attack using electromagnetic waveforms for the XOR arbiter PUF. Experiments by an actual device evaluate the validity of the proposed method and the security of the XOR arbiter PUF.",B,hybrid
1091,10.1109/TCSI.2013.2290845,Fault {Injection} {Modeling} {Attacks} on 65 nm {Arbiter} and {RO} {Sum} {PUFs} via {Environmental} {Changes},"Physically Unclonable Functions (PUFs) are emerging as hardware security primitives. So-called strong PUFs provide a mechanism to authenticate chips which is inherently unique for every manufactured sample. To prevent cloning, modeling of the challenge-response pair (CRP) behavior should be infeasible. Machine learning (ML) algorithms are a well-known threat. Recently, repeatability imperfections of PUF responses have been identified as another threat. CMOS device noise renders a significant fraction of the CRPs unstable, hereby providing a side channel for modeling attacks. In previous work, 65 nm arbiter PUFs have been modeled as such with accuracies exceeding 97\%. However, more PUF evaluations were required than for state-of-the-art ML approaches. In this work, we accelerate repeatability attacks by increasing the fraction of unstable CRPs. Response evaluation faults are triggered via environmental changes hereby. The attack speed, which is proportional to the fraction of unstable CRPs, increases with a factor 2.4 for both arbiter and ring oscillator (RO) sum PUFs. Data originates from a 65 nm silicon chip and hence not from simulations.",A,hybrid
1091,10.1109/TCSI.2013.2290845,Fault {Injection} {Modeling} {Attacks} on 65 nm {Arbiter} and {RO} {Sum} {PUFs} via {Environmental} {Changes},"Physically Unclonable Functions (PUFs) are emerging as hardware security primitives. So-called strong PUFs provide a mechanism to authenticate chips which is inherently unique for every manufactured sample. To prevent cloning, modeling of the challenge-response pair (CRP) behavior should be infeasible. Machine learning (ML) algorithms are a well-known threat. Recently, repeatability imperfections of PUF responses have been identified as another threat. CMOS device noise renders a significant fraction of the CRPs unstable, hereby providing a side channel for modeling attacks. In previous work, 65 nm arbiter PUFs have been modeled as such with accuracies exceeding 97\%. However, more PUF evaluations were required than for state-of-the-art ML approaches. In this work, we accelerate repeatability attacks by increasing the fraction of unstable CRPs. Response evaluation faults are triggered via environmental changes hereby. The attack speed, which is proportional to the fraction of unstable CRPs, increases with a factor 2.4 for both arbiter and ring oscillator (RO) sum PUFs. Data originates from a 65 nm silicon chip and hence not from simulations.",B,hybrid
1095,10.23919/DATE51398.2021.9474137,Making {Obfuscated} {PUFs} {Secure} {Against} {Power} {Side}-{Channel} {Based} {Modeling} {Attacks},"To enhance the security of digital circuits, there is often a desire to dynamically generate, rather than statically store, random values used for identification and authentication purposes. Physically Unclonable Functions (PUFs) provide the means to realize this feature in an efficient and reliable way by utilizing commonly overlooked process variations that unintentionally occur during the manufacturing of integrated circuits (ICs) due to the imperfection of fabrication process. When given a challenge, PUFs produce a unique response. However, PUFs have been found to be vulnerable to modeling attacks where by using a set of collected challenge response pairs (CRPs) and training a machine learning model, the response can be predicted for unseen challenges. To combat this vulnerability, researchers have proposed techniques such as Challenge Obfuscation. However, as shown in this paper, this technique can be compromised via modeling the PUF's power side-channel. We first show the vulnerability of a state-of-the-art Challenge Obfuscated PUF (CO-PUF) against power analysis attacks by presenting our attack results on the targeted CO-PUF. Then we propose two countermeasures, as well as their hybrid version, that when applied to the CO-PUFs make them resilient against power side-channel based modeling attacks. We also provide some insights on the proper design metrics required to be taken when implementing these mitigations. Our simulation results show the high success of our attack in compromising the original Challenge Obfuscated PUFs (success rate {\textgreater} 98\%) as well as the significant improvement on resilience of the obfuscated PUFs against power side-channel based modeling when equipped with our countermeasures.",A,hybrid
1095,10.23919/DATE51398.2021.9474137,Making {Obfuscated} {PUFs} {Secure} {Against} {Power} {Side}-{Channel} {Based} {Modeling} {Attacks},"To enhance the security of digital circuits, there is often a desire to dynamically generate, rather than statically store, random values used for identification and authentication purposes. Physically Unclonable Functions (PUFs) provide the means to realize this feature in an efficient and reliable way by utilizing commonly overlooked process variations that unintentionally occur during the manufacturing of integrated circuits (ICs) due to the imperfection of fabrication process. When given a challenge, PUFs produce a unique response. However, PUFs have been found to be vulnerable to modeling attacks where by using a set of collected challenge response pairs (CRPs) and training a machine learning model, the response can be predicted for unseen challenges. To combat this vulnerability, researchers have proposed techniques such as Challenge Obfuscation. However, as shown in this paper, this technique can be compromised via modeling the PUF's power side-channel. We first show the vulnerability of a state-of-the-art Challenge Obfuscated PUF (CO-PUF) against power analysis attacks by presenting our attack results on the targeted CO-PUF. Then we propose two countermeasures, as well as their hybrid version, that when applied to the CO-PUFs make them resilient against power side-channel based modeling attacks. We also provide some insights on the proper design metrics required to be taken when implementing these mitigations. Our simulation results show the high success of our attack in compromising the original Challenge Obfuscated PUFs (success rate {\textgreater} 98\%) as well as the significant improvement on resilience of the obfuscated PUFs against power side-channel based modeling when equipped with our countermeasures.",B,hybrid
1129,10.1109/TIFS.2022.3152393,Multiclass {Classification}-{Based} {Side}-{Channel} {Hybrid} {Attacks} on {Strong} {PUFs},"Physical unclonable functions (PUFs) are promising solutions for low-cost device authentication; hence, ignoring the security of PUFs is becoming increasingly difficult. Generally, strong PUFs are vulnerable to classical machine learning (ML) attacks; however, classical ML attacks do not perform well on strong PUFs with complex structures. Side-channel analysis (SCA) hybrid attacks provide efficient approaches to modeling XOR APUF. However, owing to the inadequate exploitation of all available data, recent SCA hybrid attacks may fail on novel PUF designs, such as MPUF and iPUF. Thus, herein, we introduce a method that combines challenge-response pairs with side-channel information to construct challenge-synthetic-feature pairs (CSPs) via feature cross, thereby making it possible to model strong PUFs through multiclass classification. We propose multiclass classification-based SCA hybrid attacks to model strong PUFs with complex structures. When provided with CSPs, the proposed hybrid attacks use a feed-forward neural network with a softmax activation function to build combined models of PUFs. The combined models predict class labels for given challenges and then reveal responses through simple mappings from these labels. Experimental results show that the proposed attacks could model 16-XOR APUF, (128,5)-MPUF, (8,8)-iPUF, and (2,16)-iPUF with accuracies exceeding 94\%. Compared with state-of-the-art modeling techniques, the proposed attack has advantages in terms of modeling accuracy, time cost, and the size of required training data.",A,hybrid
1129,10.1109/TIFS.2022.3152393,Multiclass {Classification}-{Based} {Side}-{Channel} {Hybrid} {Attacks} on {Strong} {PUFs},"Physical unclonable functions (PUFs) are promising solutions for low-cost device authentication; hence, ignoring the security of PUFs is becoming increasingly difficult. Generally, strong PUFs are vulnerable to classical machine learning (ML) attacks; however, classical ML attacks do not perform well on strong PUFs with complex structures. Side-channel analysis (SCA) hybrid attacks provide efficient approaches to modeling XOR APUF. However, owing to the inadequate exploitation of all available data, recent SCA hybrid attacks may fail on novel PUF designs, such as MPUF and iPUF. Thus, herein, we introduce a method that combines challenge-response pairs with side-channel information to construct challenge-synthetic-feature pairs (CSPs) via feature cross, thereby making it possible to model strong PUFs through multiclass classification. We propose multiclass classification-based SCA hybrid attacks to model strong PUFs with complex structures. When provided with CSPs, the proposed hybrid attacks use a feed-forward neural network with a softmax activation function to build combined models of PUFs. The combined models predict class labels for given challenges and then reveal responses through simple mappings from these labels. Experimental results show that the proposed attacks could model 16-XOR APUF, (128,5)-MPUF, (8,8)-iPUF, and (2,16)-iPUF with accuracies exceeding 94\%. Compared with state-of-the-art modeling techniques, the proposed attack has advantages in terms of modeling accuracy, time cost, and the size of required training data.",B,hybrid
1135,10.1109/ICCD.2014.6974725,Hybrid modeling attacks on current-based {PUFs},"Physically Unclonable Functions have emerged as a possible candidate to replace traditional cryptography. However, majority of the strong PUFs are vulnerable to modeling attacks. In this work, we take a closer look at the possible attacks on one of the strong PUF architectures known as Current-based PUFs, which exploit irregularities in transistor currents to generate unique signatures. We demonstrate that the fault-injection attacks when coupled with a machine learning (ML) algorithm can considerably push the limits of prediction accuracies. Based on simulations, we observed that the stand-alone ML algorithms suffer from error prone CRPs especially for higher length PUFs. In such scenarios, hybrid attacks exploiting the unreliable responses pushed the prediction accuracies up to 99\% for higher length Current-based PUF circuits.",A,hybrid
1135,10.1109/ICCD.2014.6974725,Hybrid modeling attacks on current-based {PUFs},"Physically Unclonable Functions have emerged as a possible candidate to replace traditional cryptography. However, majority of the strong PUFs are vulnerable to modeling attacks. In this work, we take a closer look at the possible attacks on one of the strong PUF architectures known as Current-based PUFs, which exploit irregularities in transistor currents to generate unique signatures. We demonstrate that the fault-injection attacks when coupled with a machine learning (ML) algorithm can considerably push the limits of prediction accuracies. Based on simulations, we observed that the stand-alone ML algorithms suffer from error prone CRPs especially for higher length PUFs. In such scenarios, hybrid attacks exploiting the unreliable responses pushed the prediction accuracies up to 99\% for higher length Current-based PUF circuits.",B,hybrid
1410,10.1109/DAC63849.2025.11132394,DeepPUFSCA: Deep Learning for Physical Unclonable Function Attack Based on Side Channel Analysis Support,"Physical Unclonable Function (PUF) poses a vulnerability that it could be imitated by machine learning attacks and side channel attacks, which break its physical uniqueness and unpredictable characteristic. Hence, many works are concerned with enhancing PUF design by introducing more nonlinear modules inside to differentiate approximating PUF behavior from the attacker side. However, the safety of these PUFs are still an open area and need to be verified. In this paper, we propose DeepPUFSCA, which is a deep learning-based model that uniquely combines both challenge and side-channel information features during training to attack PUF. To gather the data, we conduct a design of an arbiter PUF on FPGA and measure its power consumption. Our intensive experiments on this dataset demonstrate that DeepPUFSCA outperforms other machine learning-based methods in terms of attacking accuracy, even the novel ensemble algorithms. Moreover, we also show that combined side channel information boosts the model performance compared to attacking with challenge-response only.",A,hybrid
1410,10.1109/DAC63849.2025.11132394,DeepPUFSCA: Deep Learning for Physical Unclonable Function Attack Based on Side Channel Analysis Support,"Physical Unclonable Function (PUF) poses a vulnerability that it could be imitated by machine learning attacks and side channel attacks, which break its physical uniqueness and unpredictable characteristic. Hence, many works are concerned with enhancing PUF design by introducing more nonlinear modules inside to differentiate approximating PUF behavior from the attacker side. However, the safety of these PUFs are still an open area and need to be verified. In this paper, we propose DeepPUFSCA, which is a deep learning-based model that uniquely combines both challenge and side-channel information features during training to attack PUF. To gather the data, we conduct a design of an arbiter PUF on FPGA and measure its power consumption. Our intensive experiments on this dataset demonstrate that DeepPUFSCA outperforms other machine learning-based methods in terms of attacking accuracy, even the novel ensemble algorithms. Moreover, we also show that combined side channel information boosts the model performance compared to attacking with challenge-response only.",B,hybrid
1676,10.1109/ISCAS51556.2021.9401404,A {Systematic} {Side}-{Channel} {Evaluation} of {Black} {Box} {AES} in {Secure} {MCU}: {Architecture} {Recovery} and {Retrieval} of {PUF} {Based} {Secret} {Key},"Modern microcontrollers (MCUs) come packed with features to support rising demand of security and privacy in different applications. Features like hardware support for cryptography, trusted execution environment, memory protection, etc are widely available. In this paper, we take a deeper look into ARM Cortex M33 microcontroller designed to support critical applications like point of sale, smart home, smart factory, etc. In particular, we demonstrate architecture recovery of black box AES engine using side-channel analysis. The architecture is then exploited through side-channels to recover device intrinsic keys based on physical unclonable functions. Finally, feasibility of cross-device attacks are investigated with deep learning based side-channel attacks. Our results give a better insight into embedded AES engine available off-the shelf and allow user to design secure applications knowing such vulnerabilities at design time.",A,hybrid
1676,10.1109/ISCAS51556.2021.9401404,A {Systematic} {Side}-{Channel} {Evaluation} of {Black} {Box} {AES} in {Secure} {MCU}: {Architecture} {Recovery} and {Retrieval} of {PUF} {Based} {Secret} {Key},"Modern microcontrollers (MCUs) come packed with features to support rising demand of security and privacy in different applications. Features like hardware support for cryptography, trusted execution environment, memory protection, etc are widely available. In this paper, we take a deeper look into ARM Cortex M33 microcontroller designed to support critical applications like point of sale, smart home, smart factory, etc. In particular, we demonstrate architecture recovery of black box AES engine using side-channel analysis. The architecture is then exploited through side-channels to recover device intrinsic keys based on physical unclonable functions. Finally, feasibility of cross-device attacks are investigated with deep learning based side-channel attacks. Our results give a better insight into embedded AES engine available off-the shelf and allow user to design secure applications knowing such vulnerabilities at design time.",B,hybrid
1709,10.1109/TIFS.2022.3227445,{ALScA}: {A} {Framework} for {Using} {Auxiliary} {Learning} {Side}-{Channel} {Attacks} to {Model} {PUFs},"Physical unclonable functions (PUFs) have emerged as potent hardware primitives owing to their intrinsic properties of being secret key-free, clone-proof, and lightweight. However, PUFs cannot avoid the threats of machine learning modeling and side-channel attacks (SCAs). Nevertheless, almost all attacks neglect the correlations between the mathematical model and side-channel models introduced by PUF internal parameters; thus, such attacks fail to exploit related data and struggle in modeling complex PUFs. To address this problem, we propose a framework for using auxiliary learning SCAs to model strong PUFs by learning multiple related tasks together. Side-channel information predictions are introduced as auxiliary tasks to facilitate the primary task of predicting response. The parameters hard for the primary task to learn can be shared by the auxiliary tasks that learn the same parameters more straightforwardly. Based on the proposed framework, we design a specific auxiliary learning power SCA that employs power level prediction as the auxiliary task. The proposed attack is implemented with the hard-parameter sharing and hierarchy sharing deep neural networks. Experimental results demonstrate that the proposed attack succeeds in modeling XOR APUF, MPUF, and iPUF and outperforms the state-of-the-art methods in modeling MPUF and iPUF. We evaluate the influences of task relatedness, architecture, and loss weight ratio. Furthermore, we propose a fine-grained classification-based method to generate the auxiliary task with an enhanced relationship to the primary task. According to the response, the class corresponding to a specific side-channel state is further divided into two subclasses. Experimental results demonstrate that the generated auxiliary task promotes performance and alleviates the adverse effects of improper architecture and parameters.",A,hybrid
1709,10.1109/TIFS.2022.3227445,{ALScA}: {A} {Framework} for {Using} {Auxiliary} {Learning} {Side}-{Channel} {Attacks} to {Model} {PUFs},"Physical unclonable functions (PUFs) have emerged as potent hardware primitives owing to their intrinsic properties of being secret key-free, clone-proof, and lightweight. However, PUFs cannot avoid the threats of machine learning modeling and side-channel attacks (SCAs). Nevertheless, almost all attacks neglect the correlations between the mathematical model and side-channel models introduced by PUF internal parameters; thus, such attacks fail to exploit related data and struggle in modeling complex PUFs. To address this problem, we propose a framework for using auxiliary learning SCAs to model strong PUFs by learning multiple related tasks together. Side-channel information predictions are introduced as auxiliary tasks to facilitate the primary task of predicting response. The parameters hard for the primary task to learn can be shared by the auxiliary tasks that learn the same parameters more straightforwardly. Based on the proposed framework, we design a specific auxiliary learning power SCA that employs power level prediction as the auxiliary task. The proposed attack is implemented with the hard-parameter sharing and hierarchy sharing deep neural networks. Experimental results demonstrate that the proposed attack succeeds in modeling XOR APUF, MPUF, and iPUF and outperforms the state-of-the-art methods in modeling MPUF and iPUF. We evaluate the influences of task relatedness, architecture, and loss weight ratio. Furthermore, we propose a fine-grained classification-based method to generate the auxiliary task with an enhanced relationship to the primary task. According to the response, the class corresponding to a specific side-channel state is further divided into two subclasses. Experimental results demonstrate that the generated auxiliary task promotes performance and alleviates the adverse effects of improper architecture and parameters.",B,hybrid
1852,10.1109/GCCE59613.2023.10315425,Security {Evaluation} of {Glitch} {Based} {Authentication} {Function} for {Edge} {AI},"In recent years, the utilization of artificial intelligence (AI) in embedded devices such as edge devices has been expected. NN GPUF, which combines AI (Neural Network: NN) and glitch physically unclonable function (GPUF), an authentication function, has been proposed as a technology to secure edge AI devices. However, modeling attacks against NN GPUFs have not been studied, and its security has not been sufficiently verified. Therefore, this study proposes a modeling attack for NN GPUF. In experiments, a modeling attack using deep neural networks with 100,000 training data set was conducted on a field programmable gate array. As a result, the prediction rate was about 50\%, and it was clarified that NN GPUF was resistant to the modeling attack.",A,hybrid
1852,10.1109/GCCE59613.2023.10315425,Security {Evaluation} of {Glitch} {Based} {Authentication} {Function} for {Edge} {AI},"In recent years, the utilization of artificial intelligence (AI) in embedded devices such as edge devices has been expected. NN GPUF, which combines AI (Neural Network: NN) and glitch physically unclonable function (GPUF), an authentication function, has been proposed as a technology to secure edge AI devices. However, modeling attacks against NN GPUFs have not been studied, and its security has not been sufficiently verified. Therefore, this study proposes a modeling attack for NN GPUF. In experiments, a modeling attack using deep neural networks with 100,000 training data set was conducted on a field programmable gate array. As a result, the prediction rate was about 50\%, and it was clarified that NN GPUF was resistant to the modeling attack.",B,hybrid
1874,10.1109/ITC44778.2020.9325241,Cross-{PUF} {Attacks} on {Arbiter}-{PUFs} through their {Power} {Side}-{Channel},"The silicon primitives known as Physically Unclonable Functions (PUFs) are used for various security purposes including key generation, device authentication, etc. Due to the imperfections in manufacturing process, PUFs produce their unique outputs (responses) for given input signals (challenges) fed to identical circuitry designs. Although PUFs are deployed to preserve security and are assumed to be unclonable, their functionality may still be compromised by modeling attacks. However, such attacks only target one single PUF aiming at reversing its behavior (based on a subset of its challenge-response pairs), and are not useful for attacking other PUFs. Moreover a subset of the target PUF's response has to be known by the attacker. This paper moves one step forward and investigates the possibility of Cross-PUF attacks in which a particular PUF's power fingerprints can be used to break another PUF's security. In these Cross-PUF attacks, the attacker has at his disposal a reference PUF, and uses its power side-channel to train a machine learning model which can be deployed to attack other identical PUFs. The experimental results show the high success of the proposed attacks even in presence of noise and temperature differences between the target PUF and the one used to train the model. We target arbiter-PUFs but we deduce that the findings extend to all its derivatives, e.g., XOR-PUFs and Feed-Forward-PUFs.",A,hybrid
1874,10.1109/ITC44778.2020.9325241,Cross-{PUF} {Attacks} on {Arbiter}-{PUFs} through their {Power} {Side}-{Channel},"The silicon primitives known as Physically Unclonable Functions (PUFs) are used for various security purposes including key generation, device authentication, etc. Due to the imperfections in manufacturing process, PUFs produce their unique outputs (responses) for given input signals (challenges) fed to identical circuitry designs. Although PUFs are deployed to preserve security and are assumed to be unclonable, their functionality may still be compromised by modeling attacks. However, such attacks only target one single PUF aiming at reversing its behavior (based on a subset of its challenge-response pairs), and are not useful for attacking other PUFs. Moreover a subset of the target PUF's response has to be known by the attacker. This paper moves one step forward and investigates the possibility of Cross-PUF attacks in which a particular PUF's power fingerprints can be used to break another PUF's security. In these Cross-PUF attacks, the attacker has at his disposal a reference PUF, and uses its power side-channel to train a machine learning model which can be deployed to attack other identical PUFs. The experimental results show the high success of the proposed attacks even in presence of noise and temperature differences between the target PUF and the one used to train the model. We target arbiter-PUFs but we deduce that the findings extend to all its derivatives, e.g., XOR-PUFs and Feed-Forward-PUFs.",B,hybrid
2154,10.1109/TCAD.2023.3236563,{MLMSA}: {Multilabel} {Multiside}-{Channel}-{Information} {Enabled} {Deep} {Learning} {Attacks} on {APUF} {Variants},"To improve the modeling resilience of silicon strong physical unclonable functions (PUFs), in particular, the APUFs that yield a very large number of challenge-response pairs (CRPs), a number of composited APUF variants, such as XOR-APUF, interpose-PUF (iPUF), feed-forward APUF (FF-APUF), and OAX-APUF, have been devised. When examining their security in terms of modeling resilience, utilizing multiple information sources, such as power side channel information (SCI) or/and reliability SCI, given a challenge is under-explored, which poses a challenge to their supposed modeling resilience in practice. Building upon multilabel/head deep learning (DL) model architecture, this work proposes multilabel multiside-channel-information-enabled DL attacks (MLMSAs) to thoroughly evaluate the modeling resilience of aforementioned APUF variants. Despite its simplicity, MLMSA can successfully break large-scaled APUF variants, which has not previously been achieved. More precisely, the MLMSA breaks 128-stage 30-XOR-APUF, (9, 9)- and (2, 18)-iPUFs, and (2,2,30) -OAX-APUF when CRPs, power SCI, and reliability SCI are concurrently used. It breaks 128-stage 12-XOR-APUF and (2,2,9) -OAX-APUF even when only the easy-to-obtain reliability SCI and CRPs are exploited. The 128-stage six-loop FF-APUF and one-loop 20-XOR-FF-APUF can be broken by simultaneously using reliability SCI and CRPs. All these attacks are normally completed within an hour with a standard personal computer. Therefore, MLMSA is a useful technique for evaluating other existing or any emerging strong PUF designs.",A,hybrid
2154,10.1109/TCAD.2023.3236563,{MLMSA}: {Multilabel} {Multiside}-{Channel}-{Information} {Enabled} {Deep} {Learning} {Attacks} on {APUF} {Variants},"To improve the modeling resilience of silicon strong physical unclonable functions (PUFs), in particular, the APUFs that yield a very large number of challenge-response pairs (CRPs), a number of composited APUF variants, such as XOR-APUF, interpose-PUF (iPUF), feed-forward APUF (FF-APUF), and OAX-APUF, have been devised. When examining their security in terms of modeling resilience, utilizing multiple information sources, such as power side channel information (SCI) or/and reliability SCI, given a challenge is under-explored, which poses a challenge to their supposed modeling resilience in practice. Building upon multilabel/head deep learning (DL) model architecture, this work proposes multilabel multiside-channel-information-enabled DL attacks (MLMSAs) to thoroughly evaluate the modeling resilience of aforementioned APUF variants. Despite its simplicity, MLMSA can successfully break large-scaled APUF variants, which has not previously been achieved. More precisely, the MLMSA breaks 128-stage 30-XOR-APUF, (9, 9)- and (2, 18)-iPUFs, and (2,2,30) -OAX-APUF when CRPs, power SCI, and reliability SCI are concurrently used. It breaks 128-stage 12-XOR-APUF and (2,2,9) -OAX-APUF even when only the easy-to-obtain reliability SCI and CRPs are exploited. The 128-stage six-loop FF-APUF and one-loop 20-XOR-FF-APUF can be broken by simultaneously using reliability SCI and CRPs. All these attacks are normally completed within an hour with a standard personal computer. Therefore, MLMSA is a useful technique for evaluating other existing or any emerging strong PUF designs.",B,hybrid
89,10.1109/DAC63849.2025.11133290,"Re4PUF: A Reliable, Reconfigurable ReRAM-based PUF Resilient to DNN and Side Channel Attacks","Resistive random-access memory (ReRAM) based Physical Unclonable Functions (PUFs) have emerged as an attractive hardware security primitive due to their low energy consumption and compact footprint. However, the reliability of existing ReRAM-based PUFs is challenged by read noise and temperature variations, as well as their resistance to Deep Neural Network (DNN) modeling attacks and Side Channel Attacks (SCAs). In this paper, we propose a novel 3T2R ReRAM-based reconfigurable PUF to address these challenges. By adopting the digital 3T2R voltage division cell design, we improve its reliability against ReRAM read noise and temperature variations, while the adjustable analog supply voltage of inverters enables quick, low-cost reconfigurability without reprogramming ReRAMs, effectively mitigating DNN modeling and SCA vulnerabilities. Our Re4PUF chip has been experimentally validated, achieving a low Bit Error Rate (BER) of 1% at 85°C, a 7.59-fold reduction compared to existing ReRAM-based PUFs. It also demonstrates robust resistance to both DNN modeling attacks (MLP and Transformer) and SCAs, with success rates of approximately 50% and less than 70%, respectively.",A,hybrid
89,10.1109/DAC63849.2025.11133290,"Re4PUF: A Reliable, Reconfigurable ReRAM-based PUF Resilient to DNN and Side Channel Attacks","Resistive random-access memory (ReRAM) based Physical Unclonable Functions (PUFs) have emerged as an attractive hardware security primitive due to their low energy consumption and compact footprint. However, the reliability of existing ReRAM-based PUFs is challenged by read noise and temperature variations, as well as their resistance to Deep Neural Network (DNN) modeling attacks and Side Channel Attacks (SCAs). In this paper, we propose a novel 3T2R ReRAM-based reconfigurable PUF to address these challenges. By adopting the digital 3T2R voltage division cell design, we improve its reliability against ReRAM read noise and temperature variations, while the adjustable analog supply voltage of inverters enables quick, low-cost reconfigurability without reprogramming ReRAMs, effectively mitigating DNN modeling and SCA vulnerabilities. Our Re4PUF chip has been experimentally validated, achieving a low Bit Error Rate (BER) of 1% at 85°C, a 7.59-fold reduction compared to existing ReRAM-based PUFs. It also demonstrates robust resistance to both DNN modeling attacks (MLP and Transformer) and SCAs, with success rates of approximately 50% and less than 70%, respectively.",B,hybrid
1044,10.1109/OJNANO.2025.3625466,Energy-{Efficient} and {Attacks} {Resilient} {PUF} {Design} {Exploiting} {VGSOT}-{MTJ},"Spintronic Physically Unclonable Functions (PUFs) show promise in enhancing electronic system security due to their inherent randomness, low energy consumption, fast response times, and temperature stability. This paper presents a novel PUF based on voltage-gated spin-orbit torque magnetic tunnel junctions (VGSOT-MTJs) that compares the resistance of MTJ cells utilizing intrinsic process variations to get an output response. Compared to arbiter PUFs, the proposed PUF provides a significantly larger effective challenge-response pair (CRP) space by supporting multiple independent configurations and is also reconfigurable. The Proposed VGSOT-MTJ based PUF implemented at 45 nm technology achieves a lower energy consumption of 63.67 fJ/bit and a throughput of 0.27 Gb/s at a supply voltage of 1 V. The proposed PUF achieves near-ideal uniqueness of 50.2\% and a high reliability of 97.3\%. Moreover, the proposed PUF demonstrates strong resistance to both machine learning (ML) and side-channel attacks. An ML attack using a multilayer perceptron (MLP) yielded a prediction accuracy of under 55.27\%, indicating the PUF’s resilience. The correlation power analysis (CPA) confirmed the PUF’s robustness against side-channel attacks. The designed VGSOT-MTJ based PUF shows robust performance with higher energy efficiency and is highly suitable for resource constrained Internet of Things applications.",A,hybrid
1044,10.1109/OJNANO.2025.3625466,Energy-{Efficient} and {Attacks} {Resilient} {PUF} {Design} {Exploiting} {VGSOT}-{MTJ},"Spintronic Physically Unclonable Functions (PUFs) show promise in enhancing electronic system security due to their inherent randomness, low energy consumption, fast response times, and temperature stability. This paper presents a novel PUF based on voltage-gated spin-orbit torque magnetic tunnel junctions (VGSOT-MTJs) that compares the resistance of MTJ cells utilizing intrinsic process variations to get an output response. Compared to arbiter PUFs, the proposed PUF provides a significantly larger effective challenge-response pair (CRP) space by supporting multiple independent configurations and is also reconfigurable. The Proposed VGSOT-MTJ based PUF implemented at 45 nm technology achieves a lower energy consumption of 63.67 fJ/bit and a throughput of 0.27 Gb/s at a supply voltage of 1 V. The proposed PUF achieves near-ideal uniqueness of 50.2\% and a high reliability of 97.3\%. Moreover, the proposed PUF demonstrates strong resistance to both machine learning (ML) and side-channel attacks. An ML attack using a multilayer perceptron (MLP) yielded a prediction accuracy of under 55.27\%, indicating the PUF’s resilience. The correlation power analysis (CPA) confirmed the PUF’s robustness against side-channel attacks. The designed VGSOT-MTJ based PUF shows robust performance with higher energy efficiency and is highly suitable for resource constrained Internet of Things applications.",B,hybrid
1117,10.1109/TMAG.2021.3102838,A {Reconfigurable} {Arbiter} {MPUF} {With} {High} {Resistance} {Against} {Machine} {Learning} {Attack},"Physical unclonable function (PUF) is an emerging hardware security primitive which is increasingly used to authenticate and identify Internet of Things (IoT) devices. Spin-transfer torque magnetoresistive random access memory (STT-MRAM) provides new opportunities for novel PUFs due to inherent randomness sources, such as process variations, stochastic switching, and chaotic magnetization. In this article, we propose a hybrid STT-MRAM/complementary metal-oxide semiconductor (CMOS)-based reconfigurable arbiter PUF (MPUF) with enhanced performance metrics in terms of reliability, uniqueness, and uniformity. This design has a mean intra-hamming distance (HD) of 0.147\%, a mean inter-HD of 50.21\%, and passes the National Institute of Standards and Technology (NIST) statistical tests. The proposed arbiter MPUF features distinct advantages, such as reconfigurable architecture, challenge-dependent stage delays, and huge challenge-response pair (CRP) space. Moreover, the robustness of the proposed MPUF against machine learning (ML)-based modeling attacks is tested using three ML algorithms, namely support vector machine (SVM), linear regression (LR), and multilayer perceptron (MLP). Results show that the proposed reconfigurable arbiter MPUF is resistant to ML attacks and minimizes the ML attack prediction accuracy to less than 65.12\% without XOR and less than 44.34\% with XOR. Meanwhile, the correlation power analysis demonstrates that the proposed MPUF is also resilient to side-channel attacks.",A,hybrid
1117,10.1109/TMAG.2021.3102838,A {Reconfigurable} {Arbiter} {MPUF} {With} {High} {Resistance} {Against} {Machine} {Learning} {Attack},"Physical unclonable function (PUF) is an emerging hardware security primitive which is increasingly used to authenticate and identify Internet of Things (IoT) devices. Spin-transfer torque magnetoresistive random access memory (STT-MRAM) provides new opportunities for novel PUFs due to inherent randomness sources, such as process variations, stochastic switching, and chaotic magnetization. In this article, we propose a hybrid STT-MRAM/complementary metal-oxide semiconductor (CMOS)-based reconfigurable arbiter PUF (MPUF) with enhanced performance metrics in terms of reliability, uniqueness, and uniformity. This design has a mean intra-hamming distance (HD) of 0.147\%, a mean inter-HD of 50.21\%, and passes the National Institute of Standards and Technology (NIST) statistical tests. The proposed arbiter MPUF features distinct advantages, such as reconfigurable architecture, challenge-dependent stage delays, and huge challenge-response pair (CRP) space. Moreover, the robustness of the proposed MPUF against machine learning (ML)-based modeling attacks is tested using three ML algorithms, namely support vector machine (SVM), linear regression (LR), and multilayer perceptron (MLP). Results show that the proposed reconfigurable arbiter MPUF is resistant to ML attacks and minimizes the ML attack prediction accuracy to less than 65.12\% without XOR and less than 44.34\% with XOR. Meanwhile, the correlation power analysis demonstrates that the proposed MPUF is also resilient to side-channel attacks.",B,hybrid
1659,10.1109/SLIP.2019.8771329,A {Novel} {PUF} {Architecture} {Against} {Non}-{Invasive} {Attacks},"In this paper, a physical unclonable function (PUF)-advanced encryption standard (AES)-PUF is proposed as a new PUF architecture by embedding an AES cryptographic circuit between two conventional PUF circuits to conceal their challenge-to-response pairs (CRPs) against machine learning attacks. Moreover, an internal confidential data is added to the secret key of the AES cryptographic circuit in the new PUF architecture to update the secret key in real-time against side-channel attacks. As shown in the results, even if 1 million number of data are enabled by the adversary to implement machine learning or side-channel attacks, the proposed PUF can not be cracked. By contrast, only 100,000 (1,000) number of data are sufficient to leak the confidential information of a conventional PUF via machine learning (side-channel) attacks.",A,hybrid
1659,10.1109/SLIP.2019.8771329,A {Novel} {PUF} {Architecture} {Against} {Non}-{Invasive} {Attacks},"In this paper, a physical unclonable function (PUF)-advanced encryption standard (AES)-PUF is proposed as a new PUF architecture by embedding an AES cryptographic circuit between two conventional PUF circuits to conceal their challenge-to-response pairs (CRPs) against machine learning attacks. Moreover, an internal confidential data is added to the secret key of the AES cryptographic circuit in the new PUF architecture to update the secret key in real-time against side-channel attacks. As shown in the results, even if 1 million number of data are enabled by the adversary to implement machine learning or side-channel attacks, the proposed PUF can not be cracked. By contrast, only 100,000 (1,000) number of data are sufficient to leak the confidential information of a conventional PUF via machine learning (side-channel) attacks.",B,hybrid
